date,facility,utilization_pct,downtime_minutes,maintenance_flag
2024-01-01,DC-Mumbai,49.0,0,0
2024-01-01,DC-Delhi,71.7,0,0
2024-01-01,DC-Bangalore,77.7,0,1
2024-01-01,Cloud-AWS-AP-South,76.9,0,0
2024-01-02,DC-Mumbai,45.6,0,0
2024-01-02,DC-Delhi,60.8,0,0
2024-01-02,DC-Bangalore,0.0,140,0
2024-01-02,Cloud-AWS-AP-South,75.4,0,0
2024-01-03,DC-Mumbai,81.7,0,0
2024-01-03,DC-Delhi,87.9,0,0
2024-01-03,DC-Bangalore,55.8,0,0
2024-01-03,Cloud-AWS-AP-South,60.3,0,0
2024-01-04,DC-Mumbai,83.8,0,0
2024-01-04,DC-Delhi,80.9,0,0
2024-01-04,DC-Bangalore,51.6,0,0
2024-01-04,Cloud-AWS-AP-South,60.6,0,0
2024-01-05,DC-Mumbai,65.4,0,0
2024-01-05,DC-Delhi,66.8,0,0
2024-01-05,DC-Bangalore,66.9,0,0
2024-01-05,Cloud-AWS-AP-South,62.6,0,1
2024-01-06,DC-Mumbai,52.7,0,0
2024-01-06,DC-Delhi,79.7,0,0
2024-01-06,DC-Bangalore,72.1,0,0
2024-01-06,Cloud-AWS-AP-South,62.1,0,0
2024-01-07,DC-Mumbai,56.8,0,0
2024-01-07,DC-Delhi,63.5,0,0
2024-01-07,DC-Bangalore,67.5,0,0
2024-01-07,Cloud-AWS-AP-South,81.4,0,0
2024-01-08,DC-Mumbai,57.4,0,0
2024-01-08,DC-Delhi,48.3,0,0
2024-01-08,DC-Bangalore,89.9,0,0
2024-01-08,Cloud-AWS-AP-South,72.8,0,0
2024-01-09,DC-Mumbai,69.0,0,0
2024-01-09,DC-Delhi,89.4,0,0
2024-01-09,DC-Bangalore,61.9,0,0
2024-01-09,Cloud-AWS-AP-South,68.8,0,0
2024-01-10,DC-Mumbai,56.8,0,0
2024-01-10,DC-Delhi,86.5,0,0
2024-01-10,DC-Bangalore,47.8,0,0
2024-01-10,Cloud-AWS-AP-South,72.1,0,1
2024-01-11,DC-Mumbai,50.7,0,0
2024-01-11,DC-Delhi,80.0,0,0
2024-01-11,DC-Bangalore,56.7,0,1
2024-01-11,Cloud-AWS-AP-South,83.1,0,0
2024-01-12,DC-Mumbai,71.7,0,0
2024-01-12,DC-Delhi,54.3,0,0
2024-01-12,DC-Bangalore,81.6,0,0
2024-01-12,Cloud-AWS-AP-South,69.8,0,0
2024-01-13,DC-Mumbai,48.4,0,0
2024-01-13,DC-Delhi,84.8,0,0
2024-01-13,DC-Bangalore,73.2,0,0
2024-01-13,Cloud-AWS-AP-South,65.8,0,0
2024-01-14,DC-Mumbai,87.2,0,0
2024-01-14,DC-Delhi,73.2,0,0
2024-01-14,DC-Bangalore,82.7,0,0
2024-01-14,Cloud-AWS-AP-South,75.3,0,0
2024-01-15,DC-Mumbai,45.5,0,0
2024-01-15,DC-Delhi,88.1,0,0
2024-01-15,DC-Bangalore,81.4,0,0
2024-01-15,Cloud-AWS-AP-South,78.2,0,0
2024-01-16,DC-Mumbai,72.2,0,0
2024-01-16,DC-Delhi,76.5,0,0
2024-01-16,DC-Bangalore,63.7,0,0
2024-01-16,Cloud-AWS-AP-South,70.7,0,0
2024-01-17,DC-Mumbai,79.8,0,0
2024-01-17,DC-Delhi,60.2,0,0
2024-01-17,DC-Bangalore,58.0,0,0
2024-01-17,Cloud-AWS-AP-South,66.0,0,0
2024-01-18,DC-Mumbai,54.2,0,0
2024-01-18,DC-Delhi,73.9,0,0
2024-01-18,DC-Bangalore,81.6,0,0
2024-01-18,Cloud-AWS-AP-South,64.8,0,0
2024-01-19,DC-Mumbai,55.4,0,0
2024-01-19,DC-Delhi,45.5,0,0
2024-01-19,DC-Bangalore,88.8,0,1
2024-01-19,Cloud-AWS-AP-South,0.0,39,0
2024-01-20,DC-Mumbai,75.9,0,0
2024-01-20,DC-Delhi,61.9,0,0
2024-01-20,DC-Bangalore,67.0,0,0
2024-01-20,Cloud-AWS-AP-South,76.8,0,0
2024-01-21,DC-Mumbai,89.3,0,0
2024-01-21,DC-Delhi,82.6,0,0
2024-01-21,DC-Bangalore,90.7,0,0
2024-01-21,Cloud-AWS-AP-South,78.2,0,0
2024-01-22,DC-Mumbai,85.9,0,0
2024-01-22,DC-Delhi,86.9,0,0
2024-01-22,DC-Bangalore,51.2,0,0
2024-01-22,Cloud-AWS-AP-South,66.4,0,0
2024-01-23,DC-Mumbai,90.2,0,0
2024-01-23,DC-Delhi,64.9,0,0
2024-01-23,DC-Bangalore,79.9,0,1
2024-01-23,Cloud-AWS-AP-South,67.8,0,0
2024-01-24,DC-Mumbai,72.0,0,0
2024-01-24,DC-Delhi,59.9,0,0
2024-01-24,DC-Bangalore,45.9,0,0
2024-01-24,Cloud-AWS-AP-South,67.7,0,0
2024-01-25,DC-Mumbai,57.8,0,0
2024-01-25,DC-Delhi,79.2,0,0
2024-01-25,DC-Bangalore,47.6,0,0
2024-01-25,Cloud-AWS-AP-South,61.5,0,0
2024-01-26,DC-Mumbai,62.0,0,0
2024-01-26,DC-Delhi,52.4,0,0
2024-01-26,DC-Bangalore,47.5,0,0
2024-01-26,Cloud-AWS-AP-South,67.1,0,0
2024-01-27,DC-Mumbai,50.0,0,0
2024-01-27,DC-Delhi,70.2,0,0
2024-01-27,DC-Bangalore,79.0,0,0
2024-01-27,Cloud-AWS-AP-South,69.4,0,0
2024-01-28,DC-Mumbai,67.9,0,0
2024-01-28,DC-Delhi,79.9,0,0
2024-01-28,DC-Bangalore,61.9,0,0
2024-01-28,Cloud-AWS-AP-South,83.5,0,0
2024-01-29,DC-Mumbai,48.3,0,0
2024-01-29,DC-Delhi,63.9,0,0
2024-01-29,DC-Bangalore,59.8,0,0
2024-01-29,Cloud-AWS-AP-South,82.0,0,0
2024-01-30,DC-Mumbai,78.5,0,0
2024-01-30,DC-Delhi,82.9,0,0
2024-01-30,DC-Bangalore,67.8,0,0
2024-01-30,Cloud-AWS-AP-South,70.2,0,0
2024-01-31,DC-Mumbai,80.9,0,0
2024-01-31,DC-Delhi,76.1,0,0
2024-01-31,DC-Bangalore,45.2,0,0
2024-01-31,Cloud-AWS-AP-South,84.3,0,0
2024-02-01,DC-Mumbai,47.6,0,0
2024-02-01,DC-Delhi,56.0,0,0
2024-02-01,DC-Bangalore,67.0,0,0
2024-02-01,Cloud-AWS-AP-South,71.3,0,0
2024-02-02,DC-Mumbai,51.1,0,0
2024-02-02,DC-Delhi,48.8,0,1
2024-02-02,DC-Bangalore,66.1,0,0
2024-02-02,Cloud-AWS-AP-South,84.2,0,0
2024-02-03,DC-Mumbai,81.5,0,0
2024-02-03,DC-Delhi,72.4,0,0
2024-02-03,DC-Bangalore,61.7,0,0
2024-02-03,Cloud-AWS-AP-South,81.2,0,0
2024-02-04,DC-Mumbai,79.4,0,0
2024-02-04,DC-Delhi,61.1,0,0
2024-02-04,DC-Bangalore,81.3,0,0
2024-02-04,Cloud-AWS-AP-South,77.9,0,0
2024-02-05,DC-Mumbai,68.3,0,0
2024-02-05,DC-Delhi,87.7,0,0
2024-02-05,DC-Bangalore,53.0,0,0
2024-02-05,Cloud-AWS-AP-South,73.1,0,0
2024-02-06,DC-Mumbai,57.7,0,0
2024-02-06,DC-Delhi,91.4,0,0
2024-02-06,DC-Bangalore,65.1,0,0
2024-02-06,Cloud-AWS-AP-South,61.5,0,0
2024-02-07,DC-Mumbai,74.7,0,0
2024-02-07,DC-Delhi,70.1,0,0
2024-02-07,DC-Bangalore,71.5,0,0
2024-02-07,Cloud-AWS-AP-South,79.4,0,0
2024-02-08,DC-Mumbai,59.4,0,0
2024-02-08,DC-Delhi,50.2,0,0
2024-02-08,DC-Bangalore,57.6,0,0
2024-02-08,Cloud-AWS-AP-South,0.0,180,0
2024-02-09,DC-Mumbai,75.9,0,0
2024-02-09,DC-Delhi,87.4,0,0
2024-02-09,DC-Bangalore,68.3,0,0
2024-02-09,Cloud-AWS-AP-South,68.6,0,0
2024-02-10,DC-Mumbai,64.2,0,0
2024-02-10,DC-Delhi,65.4,0,0
2024-02-10,DC-Bangalore,81.0,0,0
2024-02-10,Cloud-AWS-AP-South,64.2,0,0
2024-02-11,DC-Mumbai,76.2,0,0
2024-02-11,DC-Delhi,53.2,0,0
2024-02-11,DC-Bangalore,61.2,0,0
2024-02-11,Cloud-AWS-AP-South,82.3,0,0
2024-02-12,DC-Mumbai,59.7,0,0
2024-02-12,DC-Delhi,81.3,0,0
2024-02-12,DC-Bangalore,84.1,0,0
2024-02-12,Cloud-AWS-AP-South,60.4,0,0
2024-02-13,DC-Mumbai,58.0,0,1
2024-02-13,DC-Delhi,68.2,0,0
2024-02-13,DC-Bangalore,90.3,0,0
2024-02-13,Cloud-AWS-AP-South,64.5,0,0
2024-02-14,DC-Mumbai,89.4,0,0
2024-02-14,DC-Delhi,73.5,0,0
2024-02-14,DC-Bangalore,63.7,0,0
2024-02-14,Cloud-AWS-AP-South,68.8,0,0
2024-02-15,DC-Mumbai,47.1,0,0
2024-02-15,DC-Delhi,83.7,0,0
2024-02-15,DC-Bangalore,90.3,0,0
2024-02-15,Cloud-AWS-AP-South,72.5,0,0
2024-02-16,DC-Mumbai,82.1,0,0
2024-02-16,DC-Delhi,67.8,0,0
2024-02-16,DC-Bangalore,80.2,0,1
2024-02-16,Cloud-AWS-AP-South,77.8,0,0
2024-02-17,DC-Mumbai,67.9,0,0
2024-02-17,DC-Delhi,66.2,0,0
2024-02-17,DC-Bangalore,54.5,0,0
2024-02-17,Cloud-AWS-AP-South,75.9,0,0
2024-02-18,DC-Mumbai,68.0,0,0
2024-02-18,DC-Delhi,77.3,0,0
2024-02-18,DC-Bangalore,45.6,0,0
2024-02-18,Cloud-AWS-AP-South,81.0,0,1
2024-02-19,DC-Mumbai,88.7,0,0
2024-02-19,DC-Delhi,48.5,0,0
2024-02-19,DC-Bangalore,76.0,0,0
2024-02-19,Cloud-AWS-AP-South,78.4,0,0
2024-02-20,DC-Mumbai,53.0,0,0
2024-02-20,DC-Delhi,90.4,0,0
2024-02-20,DC-Bangalore,61.8,0,0
2024-02-20,Cloud-AWS-AP-South,80.0,0,0
2024-02-21,DC-Mumbai,55.8,0,0
2024-02-21,DC-Delhi,65.6,0,0
2024-02-21,DC-Bangalore,69.1,0,0
2024-02-21,Cloud-AWS-AP-South,64.3,0,0
2024-02-22,DC-Mumbai,78.7,0,0
2024-02-22,DC-Delhi,64.2,0,0
2024-02-22,DC-Bangalore,72.7,0,0
2024-02-22,Cloud-AWS-AP-South,63.2,0,0
2024-02-23,DC-Mumbai,52.2,0,0
2024-02-23,DC-Delhi,52.4,0,0
2024-02-23,DC-Bangalore,64.3,0,0
2024-02-23,Cloud-AWS-AP-South,68.9,0,0
2024-02-24,DC-Mumbai,59.0,0,0
2024-02-24,DC-Delhi,86.6,0,0
2024-02-24,DC-Bangalore,90.4,0,0
2024-02-24,Cloud-AWS-AP-South,76.3,0,0
2024-02-25,DC-Mumbai,53.5,0,0
2024-02-25,DC-Delhi,75.3,0,0
2024-02-25,DC-Bangalore,60.4,0,0
2024-02-25,Cloud-AWS-AP-South,68.2,0,0
2024-02-26,DC-Mumbai,84.6,0,0
2024-02-26,DC-Delhi,82.7,0,0
2024-02-26,DC-Bangalore,59.5,0,0
2024-02-26,Cloud-AWS-AP-South,71.8,0,0
2024-02-27,DC-Mumbai,90.8,0,1
2024-02-27,DC-Delhi,51.7,0,0
2024-02-27,DC-Bangalore,55.0,0,0
2024-02-27,Cloud-AWS-AP-South,60.6,0,0
2024-02-28,DC-Mumbai,86.2,0,0
2024-02-28,DC-Delhi,83.4,0,0
2024-02-28,DC-Bangalore,52.7,0,0
2024-02-28,Cloud-AWS-AP-South,76.6,0,0
2024-02-29,DC-Mumbai,71.5,0,0
2024-02-29,DC-Delhi,86.6,0,0
2024-02-29,DC-Bangalore,63.7,0,0
2024-02-29,Cloud-AWS-AP-South,61.7,0,0
2024-03-01,DC-Mumbai,77.1,0,0
2024-03-01,DC-Delhi,58.3,0,0
2024-03-01,DC-Bangalore,83.4,0,0
2024-03-01,Cloud-AWS-AP-South,62.7,0,0
2024-03-02,DC-Mumbai,65.7,0,0
2024-03-02,DC-Delhi,56.5,0,0
2024-03-02,DC-Bangalore,47.9,0,0
2024-03-02,Cloud-AWS-AP-South,79.9,0,0
2024-03-03,DC-Mumbai,53.4,0,1
2024-03-03,DC-Delhi,72.9,0,0
2024-03-03,DC-Bangalore,65.6,0,0
2024-03-03,Cloud-AWS-AP-South,75.7,0,0
2024-03-04,DC-Mumbai,60.3,0,1
2024-03-04,DC-Delhi,48.1,0,0
2024-03-04,DC-Bangalore,74.7,0,0
2024-03-04,Cloud-AWS-AP-South,70.1,0,0
2024-03-05,DC-Mumbai,81.8,0,0
2024-03-05,DC-Delhi,46.9,0,0
2024-03-05,DC-Bangalore,82.5,0,0
2024-03-05,Cloud-AWS-AP-South,72.3,0,0
2024-03-06,DC-Mumbai,69.4,0,0
2024-03-06,DC-Delhi,55.8,0,0
2024-03-06,DC-Bangalore,69.0,0,0
2024-03-06,Cloud-AWS-AP-South,76.1,0,0
2024-03-07,DC-Mumbai,87.4,0,0
2024-03-07,DC-Delhi,62.7,0,0
2024-03-07,DC-Bangalore,91.1,0,0
2024-03-07,Cloud-AWS-AP-South,76.9,0,0
2024-03-08,DC-Mumbai,65.1,0,0
2024-03-08,DC-Delhi,51.5,0,0
2024-03-08,DC-Bangalore,84.0,0,0
2024-03-08,Cloud-AWS-AP-South,82.3,0,1
2024-03-09,DC-Mumbai,56.5,0,0
2024-03-09,DC-Delhi,53.3,0,0
2024-03-09,DC-Bangalore,63.2,0,0
2024-03-09,Cloud-AWS-AP-South,69.1,0,0
2024-03-10,DC-Mumbai,80.6,0,0
2024-03-10,DC-Delhi,56.2,0,0
2024-03-10,DC-Bangalore,45.4,0,0
2024-03-10,Cloud-AWS-AP-South,83.9,0,0
2024-03-11,DC-Mumbai,78.8,0,0
2024-03-11,DC-Delhi,64.0,0,0
2024-03-11,DC-Bangalore,46.7,0,0
2024-03-11,Cloud-AWS-AP-South,62.0,0,0
2024-03-12,DC-Mumbai,82.8,0,0
2024-03-12,DC-Delhi,90.8,0,1
2024-03-12,DC-Bangalore,86.3,0,1
2024-03-12,Cloud-AWS-AP-South,69.2,0,0
2024-03-13,DC-Mumbai,60.0,0,0
2024-03-13,DC-Delhi,88.4,0,0
2024-03-13,DC-Bangalore,88.0,0,0
2024-03-13,Cloud-AWS-AP-South,63.5,0,0
2024-03-14,DC-Mumbai,91.5,0,0
2024-03-14,DC-Delhi,86.3,0,0
2024-03-14,DC-Bangalore,78.1,0,0
2024-03-14,Cloud-AWS-AP-South,61.1,0,0
2024-03-15,DC-Mumbai,62.4,0,0
2024-03-15,DC-Delhi,0.0,75,0
2024-03-15,DC-Bangalore,53.3,0,0
2024-03-15,Cloud-AWS-AP-South,84.4,0,0
2024-03-16,DC-Mumbai,45.0,0,0
2024-03-16,DC-Delhi,64.4,0,0
2024-03-16,DC-Bangalore,48.0,0,0
2024-03-16,Cloud-AWS-AP-South,79.4,0,0
2024-03-17,DC-Mumbai,75.7,0,0
2024-03-17,DC-Delhi,71.8,0,0
2024-03-17,DC-Bangalore,72.0,0,0
2024-03-17,Cloud-AWS-AP-South,66.3,0,0
2024-03-18,DC-Mumbai,50.5,0,0
2024-03-18,DC-Delhi,68.0,0,0
2024-03-18,DC-Bangalore,83.0,0,0
2024-03-18,Cloud-AWS-AP-South,69.7,0,0
2024-03-19,DC-Mumbai,81.6,0,1
2024-03-19,DC-Delhi,49.5,0,0
2024-03-19,DC-Bangalore,88.8,0,0
2024-03-19,Cloud-AWS-AP-South,65.2,0,0
2024-03-20,DC-Mumbai,86.3,0,0
2024-03-20,DC-Delhi,72.7,0,0
2024-03-20,DC-Bangalore,81.8,0,0
2024-03-20,Cloud-AWS-AP-South,78.0,0,0
2024-03-21,DC-Mumbai,88.0,0,0
2024-03-21,DC-Delhi,62.0,0,0
2024-03-21,DC-Bangalore,91.4,0,0
2024-03-21,Cloud-AWS-AP-South,63.0,0,0
2024-03-22,DC-Mumbai,67.8,0,0
2024-03-22,DC-Delhi,83.4,0,0
2024-03-22,DC-Bangalore,60.5,0,0
2024-03-22,Cloud-AWS-AP-South,73.7,0,0
2024-03-23,DC-Mumbai,81.2,0,0
2024-03-23,DC-Delhi,69.9,0,0
2024-03-23,DC-Bangalore,45.7,0,0
2024-03-23,Cloud-AWS-AP-South,81.9,0,0
2024-03-24,DC-Mumbai,53.5,0,0
2024-03-24,DC-Delhi,46.4,0,0
2024-03-24,DC-Bangalore,64.3,0,0
2024-03-24,Cloud-AWS-AP-South,68.1,0,0
2024-03-25,DC-Mumbai,57.3,0,0
2024-03-25,DC-Delhi,56.2,0,0
2024-03-25,DC-Bangalore,53.0,0,0
2024-03-25,Cloud-AWS-AP-South,66.1,0,0
2024-03-26,DC-Mumbai,63.6,0,0
2024-03-26,DC-Delhi,72.6,0,0
2024-03-26,DC-Bangalore,90.6,0,0
2024-03-26,Cloud-AWS-AP-South,61.7,0,0
2024-03-27,DC-Mumbai,81.0,0,0
2024-03-27,DC-Delhi,58.9,0,0
2024-03-27,DC-Bangalore,58.8,0,0
2024-03-27,Cloud-AWS-AP-South,67.7,0,0
2024-03-28,DC-Mumbai,56.2,0,0
2024-03-28,DC-Delhi,61.0,0,0
2024-03-28,DC-Bangalore,49.9,0,0
2024-03-28,Cloud-AWS-AP-South,84.1,0,0
2024-03-29,DC-Mumbai,71.9,0,0
2024-03-29,DC-Delhi,48.7,0,0
2024-03-29,DC-Bangalore,68.2,0,0
2024-03-29,Cloud-AWS-AP-South,61.7,0,0
2024-03-30,DC-Mumbai,86.0,0,0
2024-03-30,DC-Delhi,54.9,0,0
2024-03-30,DC-Bangalore,59.6,0,0
2024-03-30,Cloud-AWS-AP-South,75.6,0,0
2024-03-31,DC-Mumbai,88.0,0,0
2024-03-31,DC-Delhi,63.9,0,0
2024-03-31,DC-Bangalore,46.3,0,0
2024-03-31,Cloud-AWS-AP-South,72.2,0,0
2024-04-01,DC-Mumbai,74.2,0,0
2024-04-01,DC-Delhi,50.3,0,1
2024-04-01,DC-Bangalore,91.6,0,0
2024-04-01,Cloud-AWS-AP-South,75.5,0,0
2024-04-02,DC-Mumbai,61.0,0,0
2024-04-02,DC-Delhi,53.5,0,0
2024-04-02,DC-Bangalore,78.7,0,1
2024-04-02,Cloud-AWS-AP-South,70.9,0,0
2024-04-03,DC-Mumbai,79.6,0,0
2024-04-03,DC-Delhi,87.9,0,0
2024-04-03,DC-Bangalore,55.6,0,0
2024-04-03,Cloud-AWS-AP-South,64.5,0,0
2024-04-04,DC-Mumbai,47.0,0,0
2024-04-04,DC-Delhi,78.5,0,0
2024-04-04,DC-Bangalore,70.9,0,0
2024-04-04,Cloud-AWS-AP-South,71.0,0,0
2024-04-05,DC-Mumbai,60.8,0,0
2024-04-05,DC-Delhi,61.9,0,0
2024-04-05,DC-Bangalore,81.6,0,0
2024-04-05,Cloud-AWS-AP-South,83.6,0,0
2024-04-06,DC-Mumbai,64.9,0,0
2024-04-06,DC-Delhi,88.3,0,0
2024-04-06,DC-Bangalore,59.7,0,0
2024-04-06,Cloud-AWS-AP-South,80.0,0,0
2024-04-07,DC-Mumbai,76.9,0,0
2024-04-07,DC-Delhi,81.0,0,0
2024-04-07,DC-Bangalore,86.6,0,0
2024-04-07,Cloud-AWS-AP-South,77.4,0,0
2024-04-08,DC-Mumbai,53.3,0,0
2024-04-08,DC-Delhi,58.1,0,0
2024-04-08,DC-Bangalore,89.0,0,1
2024-04-08,Cloud-AWS-AP-South,73.0,0,1
2024-04-09,DC-Mumbai,58.9,0,0
2024-04-09,DC-Delhi,55.3,0,0
2024-04-09,DC-Bangalore,76.5,0,0
2024-04-09,Cloud-AWS-AP-South,75.8,0,0
2024-04-10,DC-Mumbai,66.1,0,0
2024-04-10,DC-Delhi,61.6,0,0
2024-04-10,DC-Bangalore,78.5,0,0
2024-04-10,Cloud-AWS-AP-South,72.5,0,0
2024-04-11,DC-Mumbai,52.5,0,0
2024-04-11,DC-Delhi,55.5,0,0
2024-04-11,DC-Bangalore,90.8,0,0
2024-04-11,Cloud-AWS-AP-South,79.5,0,0
2024-04-12,DC-Mumbai,70.0,0,0
2024-04-12,DC-Delhi,88.3,0,0
2024-04-12,DC-Bangalore,56.7,0,0
2024-04-12,Cloud-AWS-AP-South,83.5,0,0
2024-04-13,DC-Mumbai,73.1,0,0
2024-04-13,DC-Delhi,70.0,0,0
2024-04-13,DC-Bangalore,87.7,0,0
2024-04-13,Cloud-AWS-AP-South,71.6,0,0
2024-04-14,DC-Mumbai,74.4,0,0
2024-04-14,DC-Delhi,71.6,0,0
2024-04-14,DC-Bangalore,87.0,0,0
2024-04-14,Cloud-AWS-AP-South,64.0,0,0
2024-04-15,DC-Mumbai,81.1,0,0
2024-04-15,DC-Delhi,57.9,0,0
2024-04-15,DC-Bangalore,62.2,0,1
2024-04-15,Cloud-AWS-AP-South,82.2,0,1
2024-04-16,DC-Mumbai,50.4,0,0
2024-04-16,DC-Delhi,45.7,0,0
2024-04-16,DC-Bangalore,85.7,0,0
2024-04-16,Cloud-AWS-AP-South,75.7,0,0
2024-04-17,DC-Mumbai,67.8,0,0
2024-04-17,DC-Delhi,57.8,0,0
2024-04-17,DC-Bangalore,50.7,0,0
2024-04-17,Cloud-AWS-AP-South,74.4,0,0
2024-04-18,DC-Mumbai,63.5,0,0
2024-04-18,DC-Delhi,45.2,0,0
2024-04-18,DC-Bangalore,66.0,0,0
2024-04-18,Cloud-AWS-AP-South,64.3,0,0
2024-04-19,DC-Mumbai,76.0,0,0
2024-04-19,DC-Delhi,74.1,0,0
2024-04-19,DC-Bangalore,80.5,0,0
2024-04-19,Cloud-AWS-AP-South,69.8,0,0
2024-04-20,DC-Mumbai,81.1,0,0
2024-04-20,DC-Delhi,62.7,0,0
2024-04-20,DC-Bangalore,81.0,0,0
2024-04-20,Cloud-AWS-AP-South,73.7,0,0
2024-04-21,DC-Mumbai,73.8,0,0
2024-04-21,DC-Delhi,68.5,0,0
2024-04-21,DC-Bangalore,66.1,0,0
2024-04-21,Cloud-AWS-AP-South,84.5,0,0
2024-04-22,DC-Mumbai,64.8,0,0
2024-04-22,DC-Delhi,61.6,0,0
2024-04-22,DC-Bangalore,51.0,0,0
2024-04-22,Cloud-AWS-AP-South,63.2,0,0
2024-04-23,DC-Mumbai,55.1,0,0
2024-04-23,DC-Delhi,58.4,0,0
2024-04-23,DC-Bangalore,78.1,0,0
2024-04-23,Cloud-AWS-AP-South,65.8,0,0
2024-04-24,DC-Mumbai,48.5,0,0
2024-04-24,DC-Delhi,83.1,0,0
2024-04-24,DC-Bangalore,54.2,0,0
2024-04-24,Cloud-AWS-AP-South,62.8,0,0
2024-04-25,DC-Mumbai,51.1,0,0
2024-04-25,DC-Delhi,61.9,0,0
2024-04-25,DC-Bangalore,84.8,0,0
2024-04-25,Cloud-AWS-AP-South,73.9,0,0
2024-04-26,DC-Mumbai,46.8,0,0
2024-04-26,DC-Delhi,74.1,0,0
2024-04-26,DC-Bangalore,90.0,0,0
2024-04-26,Cloud-AWS-AP-South,0.0,99,0
2024-04-27,DC-Mumbai,63.8,0,0
2024-04-27,DC-Delhi,56.8,0,0
2024-04-27,DC-Bangalore,61.4,0,0
2024-04-27,Cloud-AWS-AP-South,75.8,0,0
2024-04-28,DC-Mumbai,56.6,0,0
2024-04-28,DC-Delhi,71.2,0,0
2024-04-28,DC-Bangalore,56.0,0,0
2024-04-28,Cloud-AWS-AP-South,63.5,0,0
2024-04-29,DC-Mumbai,72.0,0,0
2024-04-29,DC-Delhi,71.8,0,0
2024-04-29,DC-Bangalore,77.2,0,0
2024-04-29,Cloud-AWS-AP-South,78.9,0,0
2024-04-30,DC-Mumbai,57.7,0,0
2024-04-30,DC-Delhi,55.8,0,0
2024-04-30,DC-Bangalore,75.9,0,0
2024-04-30,Cloud-AWS-AP-South,69.4,0,0
2024-05-01,DC-Mumbai,71.5,0,0
2024-05-01,DC-Delhi,71.3,0,0
2024-05-01,DC-Bangalore,66.0,0,0
2024-05-01,Cloud-AWS-AP-South,68.0,0,0
2024-05-02,DC-Mumbai,87.7,0,0
2024-05-02,DC-Delhi,86.3,0,0
2024-05-02,DC-Bangalore,90.8,0,0
2024-05-02,Cloud-AWS-AP-South,69.4,0,0
2024-05-03,DC-Mumbai,51.8,0,0
2024-05-03,DC-Delhi,62.2,0,0
2024-05-03,DC-Bangalore,90.0,0,0
2024-05-03,Cloud-AWS-AP-South,83.5,0,0
2024-05-04,DC-Mumbai,68.5,0,0
2024-05-04,DC-Delhi,77.8,0,0
2024-05-04,DC-Bangalore,72.7,0,0
2024-05-04,Cloud-AWS-AP-South,84.7,0,0
2024-05-05,DC-Mumbai,79.2,0,0
2024-05-05,DC-Delhi,0.0,77,0
2024-05-05,DC-Bangalore,50.0,0,0
2024-05-05,Cloud-AWS-AP-South,65.3,0,0
2024-05-06,DC-Mumbai,66.7,0,0
2024-05-06,DC-Delhi,69.1,0,0
2024-05-06,DC-Bangalore,65.1,0,0
2024-05-06,Cloud-AWS-AP-South,75.8,0,0
2024-05-07,DC-Mumbai,69.2,0,0
2024-05-07,DC-Delhi,62.0,0,0
2024-05-07,DC-Bangalore,51.4,0,0
2024-05-07,Cloud-AWS-AP-South,76.2,0,0
2024-05-08,DC-Mumbai,67.4,0,0
2024-05-08,DC-Delhi,76.7,0,0
2024-05-08,DC-Bangalore,83.7,0,0
2024-05-08,Cloud-AWS-AP-South,69.3,0,0
2024-05-09,DC-Mumbai,86.0,0,0
2024-05-09,DC-Delhi,52.9,0,0
2024-05-09,DC-Bangalore,83.0,0,1
2024-05-09,Cloud-AWS-AP-South,76.7,0,0
2024-05-10,DC-Mumbai,71.2,0,0
2024-05-10,DC-Delhi,85.6,0,0
2024-05-10,DC-Bangalore,83.3,0,0
2024-05-10,Cloud-AWS-AP-South,60.5,0,0
2024-05-11,DC-Mumbai,91.8,0,0
2024-05-11,DC-Delhi,78.1,0,0
2024-05-11,DC-Bangalore,89.9,0,0
2024-05-11,Cloud-AWS-AP-South,77.1,0,0
2024-05-12,DC-Mumbai,82.4,0,0
2024-05-12,DC-Delhi,87.8,0,0
2024-05-12,DC-Bangalore,89.7,0,0
2024-05-12,Cloud-AWS-AP-South,71.6,0,0
2024-05-13,DC-Mumbai,71.6,0,0
2024-05-13,DC-Delhi,49.2,0,1
2024-05-13,DC-Bangalore,59.3,0,0
2024-05-13,Cloud-AWS-AP-South,73.9,0,0
2024-05-14,DC-Mumbai,74.3,0,0
2024-05-14,DC-Delhi,86.4,0,0
2024-05-14,DC-Bangalore,61.7,0,0
2024-05-14,Cloud-AWS-AP-South,60.7,0,0
2024-05-15,DC-Mumbai,74.6,0,0
2024-05-15,DC-Delhi,52.8,0,0
2024-05-15,DC-Bangalore,46.8,0,0
2024-05-15,Cloud-AWS-AP-South,66.2,0,1
2024-05-16,DC-Mumbai,59.2,0,0
2024-05-16,DC-Delhi,79.6,0,0
2024-05-16,DC-Bangalore,78.8,0,0
2024-05-16,Cloud-AWS-AP-South,83.6,0,0
2024-05-17,DC-Mumbai,64.6,0,1
2024-05-17,DC-Delhi,75.0,0,1
2024-05-17,DC-Bangalore,73.1,0,0
2024-05-17,Cloud-AWS-AP-South,62.5,0,0
2024-05-18,DC-Mumbai,46.9,0,0
2024-05-18,DC-Delhi,77.0,0,0
2024-05-18,DC-Bangalore,75.6,0,0
2024-05-18,Cloud-AWS-AP-South,73.0,0,0
2024-05-19,DC-Mumbai,84.8,0,0
2024-05-19,DC-Delhi,74.3,0,0
2024-05-19,DC-Bangalore,66.8,0,0
2024-05-19,Cloud-AWS-AP-South,70.3,0,0
2024-05-20,DC-Mumbai,55.1,0,1
2024-05-20,DC-Delhi,81.5,0,0
2024-05-20,DC-Bangalore,67.2,0,0
2024-05-20,Cloud-AWS-AP-South,84.0,0,0
2024-05-21,DC-Mumbai,85.3,0,0
2024-05-21,DC-Delhi,66.4,0,0
2024-05-21,DC-Bangalore,75.7,0,0
2024-05-21,Cloud-AWS-AP-South,73.1,0,0
2024-05-22,DC-Mumbai,75.9,0,0
2024-05-22,DC-Delhi,80.8,0,0
2024-05-22,DC-Bangalore,69.9,0,0
2024-05-22,Cloud-AWS-AP-South,67.2,0,0
2024-05-23,DC-Mumbai,52.0,0,0
2024-05-23,DC-Delhi,72.3,0,0
2024-05-23,DC-Bangalore,67.4,0,0
2024-05-23,Cloud-AWS-AP-South,69.8,0,0
2024-05-24,DC-Mumbai,83.8,0,0
2024-05-24,DC-Delhi,79.0,0,0
2024-05-24,DC-Bangalore,51.2,0,0
2024-05-24,Cloud-AWS-AP-South,64.4,0,0
2024-05-25,DC-Mumbai,50.5,0,1
2024-05-25,DC-Delhi,61.9,0,0
2024-05-25,DC-Bangalore,48.5,0,0
2024-05-25,Cloud-AWS-AP-South,75.2,0,0
2024-05-26,DC-Mumbai,78.0,0,0
2024-05-26,DC-Delhi,74.1,0,1
2024-05-26,DC-Bangalore,53.5,0,0
2024-05-26,Cloud-AWS-AP-South,82.9,0,0
2024-05-27,DC-Mumbai,88.1,0,0
2024-05-27,DC-Delhi,87.3,0,1
2024-05-27,DC-Bangalore,87.3,0,1
2024-05-27,Cloud-AWS-AP-South,76.3,0,0
2024-05-28,DC-Mumbai,69.2,0,0
2024-05-28,DC-Delhi,48.7,0,0
2024-05-28,DC-Bangalore,85.8,0,0
2024-05-28,Cloud-AWS-AP-South,63.9,0,1
2024-05-29,DC-Mumbai,63.8,0,0
2024-05-29,DC-Delhi,47.7,0,0
2024-05-29,DC-Bangalore,64.7,0,0
2024-05-29,Cloud-AWS-AP-South,64.1,0,0
2024-05-30,DC-Mumbai,49.0,0,0
2024-05-30,DC-Delhi,69.5,0,0
2024-05-30,DC-Bangalore,62.1,0,0
2024-05-30,Cloud-AWS-AP-South,82.1,0,0
2024-05-31,DC-Mumbai,57.8,0,0
2024-05-31,DC-Delhi,56.6,0,0
2024-05-31,DC-Bangalore,67.2,0,0
2024-05-31,Cloud-AWS-AP-South,62.5,0,0
2024-06-01,DC-Mumbai,77.7,0,1
2024-06-01,DC-Delhi,71.6,0,0
2024-06-01,DC-Bangalore,73.9,0,0
2024-06-01,Cloud-AWS-AP-South,61.2,0,0
2024-06-02,DC-Mumbai,63.7,0,0
2024-06-02,DC-Delhi,66.8,0,0
2024-06-02,DC-Bangalore,80.5,0,0
2024-06-02,Cloud-AWS-AP-South,68.6,0,0
2024-06-03,DC-Mumbai,91.5,0,0
2024-06-03,DC-Delhi,81.9,0,1
2024-06-03,DC-Bangalore,70.5,0,0
2024-06-03,Cloud-AWS-AP-South,67.0,0,0
2024-06-04,DC-Mumbai,85.9,0,0
2024-06-04,DC-Delhi,62.9,0,0
2024-06-04,DC-Bangalore,53.2,0,0
2024-06-04,Cloud-AWS-AP-South,77.9,0,0
2024-06-05,DC-Mumbai,81.3,0,1
2024-06-05,DC-Delhi,66.3,0,0
2024-06-05,DC-Bangalore,71.4,0,0
2024-06-05,Cloud-AWS-AP-South,63.5,0,0
2024-06-06,DC-Mumbai,77.2,0,0
2024-06-06,DC-Delhi,82.3,0,0
2024-06-06,DC-Bangalore,81.6,0,0
2024-06-06,Cloud-AWS-AP-South,62.7,0,0
2024-06-07,DC-Mumbai,80.5,0,0
2024-06-07,DC-Delhi,73.4,0,0
2024-06-07,DC-Bangalore,72.9,0,0
2024-06-07,Cloud-AWS-AP-South,70.2,0,0
2024-06-08,DC-Mumbai,69.5,0,0
2024-06-08,DC-Delhi,70.0,0,0
2024-06-08,DC-Bangalore,68.1,0,0
2024-06-08,Cloud-AWS-AP-South,81.7,0,0
2024-06-09,DC-Mumbai,83.1,0,0
2024-06-09,DC-Delhi,72.1,0,0
2024-06-09,DC-Bangalore,66.7,0,0
2024-06-09,Cloud-AWS-AP-South,67.9,0,0
2024-06-10,DC-Mumbai,78.0,0,0
2024-06-10,DC-Delhi,72.7,0,0
2024-06-10,DC-Bangalore,90.5,0,0
2024-06-10,Cloud-AWS-AP-South,66.5,0,0
2024-06-11,DC-Mumbai,91.4,0,0
2024-06-11,DC-Delhi,86.8,0,0
2024-06-11,DC-Bangalore,75.5,0,0
2024-06-11,Cloud-AWS-AP-South,66.2,0,1
2024-06-12,DC-Mumbai,88.5,0,0
2024-06-12,DC-Delhi,50.7,0,0
2024-06-12,DC-Bangalore,91.7,0,0
2024-06-12,Cloud-AWS-AP-South,60.2,0,0
2024-06-13,DC-Mumbai,46.8,0,0
2024-06-13,DC-Delhi,86.8,0,0
2024-06-13,DC-Bangalore,58.0,0,0
2024-06-13,Cloud-AWS-AP-South,64.0,0,0
2024-06-14,DC-Mumbai,58.4,0,0
2024-06-14,DC-Delhi,52.3,0,0
2024-06-14,DC-Bangalore,64.7,0,0
2024-06-14,Cloud-AWS-AP-South,78.7,0,0
2024-06-15,DC-Mumbai,74.2,0,0
2024-06-15,DC-Delhi,48.5,0,0
2024-06-15,DC-Bangalore,88.9,0,0
2024-06-15,Cloud-AWS-AP-South,62.0,0,0
2024-06-16,DC-Mumbai,68.8,0,1
2024-06-16,DC-Delhi,61.1,0,0
2024-06-16,DC-Bangalore,51.8,0,0
2024-06-16,Cloud-AWS-AP-South,72.7,0,0
2024-06-17,DC-Mumbai,52.1,0,0
2024-06-17,DC-Delhi,77.3,0,0
2024-06-17,DC-Bangalore,47.2,0,0
2024-06-17,Cloud-AWS-AP-South,69.2,0,1
2024-06-18,DC-Mumbai,0.0,118,0
2024-06-18,DC-Delhi,78.3,0,0
2024-06-18,DC-Bangalore,61.8,0,0
2024-06-18,Cloud-AWS-AP-South,74.4,0,0
2024-06-19,DC-Mumbai,72.8,0,0
2024-06-19,DC-Delhi,84.4,0,0
2024-06-19,DC-Bangalore,51.8,0,0
2024-06-19,Cloud-AWS-AP-South,63.0,0,0
2024-06-20,DC-Mumbai,75.2,0,0
2024-06-20,DC-Delhi,55.6,0,0
2024-06-20,DC-Bangalore,80.3,0,0
2024-06-20,Cloud-AWS-AP-South,82.3,0,0
2024-06-21,DC-Mumbai,48.5,0,0
2024-06-21,DC-Delhi,74.7,0,1
2024-06-21,DC-Bangalore,66.0,0,0
2024-06-21,Cloud-AWS-AP-South,61.7,0,0
2024-06-22,DC-Mumbai,77.0,0,0
2024-06-22,DC-Delhi,69.8,0,0
2024-06-22,DC-Bangalore,53.7,0,0
2024-06-22,Cloud-AWS-AP-South,67.9,0,0
2024-06-23,DC-Mumbai,64.4,0,0
2024-06-23,DC-Delhi,45.5,0,0
2024-06-23,DC-Bangalore,47.6,0,0
2024-06-23,Cloud-AWS-AP-South,68.3,0,0
2024-06-24,DC-Mumbai,74.7,0,0
2024-06-24,DC-Delhi,74.1,0,0
2024-06-24,DC-Bangalore,55.7,0,0
2024-06-24,Cloud-AWS-AP-South,80.6,0,0
2024-06-25,DC-Mumbai,82.7,0,0
2024-06-25,DC-Delhi,91.8,0,0
2024-06-25,DC-Bangalore,48.3,0,0
2024-06-25,Cloud-AWS-AP-South,64.2,0,0
2024-06-26,DC-Mumbai,67.4,0,0
2024-06-26,DC-Delhi,89.5,0,0
2024-06-26,DC-Bangalore,81.5,0,0
2024-06-26,Cloud-AWS-AP-South,79.3,0,0
2024-06-27,DC-Mumbai,70.2,0,0
2024-06-27,DC-Delhi,56.7,0,0
2024-06-27,DC-Bangalore,76.7,0,0
2024-06-27,Cloud-AWS-AP-South,65.1,0,0
2024-06-28,DC-Mumbai,67.5,0,0
2024-06-28,DC-Delhi,56.7,0,0
2024-06-28,DC-Bangalore,83.9,0,0
2024-06-28,Cloud-AWS-AP-South,70.6,0,0
2024-06-29,DC-Mumbai,47.3,0,0
2024-06-29,DC-Delhi,0.0,196,0
2024-06-29,DC-Bangalore,56.3,0,0
2024-06-29,Cloud-AWS-AP-South,64.7,0,0
2024-06-30,DC-Mumbai,60.8,0,0
2024-06-30,DC-Delhi,51.5,0,0
2024-06-30,DC-Bangalore,63.8,0,0
2024-06-30,Cloud-AWS-AP-South,74.5,0,0
2024-07-01,DC-Mumbai,71.3,0,0
2024-07-01,DC-Delhi,74.4,0,0
2024-07-01,DC-Bangalore,73.5,0,0
2024-07-01,Cloud-AWS-AP-South,81.6,0,0
2024-07-02,DC-Mumbai,87.1,0,0
2024-07-02,DC-Delhi,73.7,0,0
2024-07-02,DC-Bangalore,77.7,0,0
2024-07-02,Cloud-AWS-AP-South,67.0,0,0
2024-07-03,DC-Mumbai,68.5,0,0
2024-07-03,DC-Delhi,77.3,0,1
2024-07-03,DC-Bangalore,56.8,0,0
2024-07-03,Cloud-AWS-AP-South,79.8,0,0
2024-07-04,DC-Mumbai,89.5,0,0
2024-07-04,DC-Delhi,68.1,0,0
2024-07-04,DC-Bangalore,74.9,0,0
2024-07-04,Cloud-AWS-AP-South,77.4,0,0
2024-07-05,DC-Mumbai,54.3,0,0
2024-07-05,DC-Delhi,58.5,0,0
2024-07-05,DC-Bangalore,79.9,0,0
2024-07-05,Cloud-AWS-AP-South,80.6,0,0
2024-07-06,DC-Mumbai,50.0,0,0
2024-07-06,DC-Delhi,62.4,0,0
2024-07-06,DC-Bangalore,56.1,0,0
2024-07-06,Cloud-AWS-AP-South,70.4,0,0
2024-07-07,DC-Mumbai,79.0,0,0
2024-07-07,DC-Delhi,82.8,0,1
2024-07-07,DC-Bangalore,68.8,0,0
2024-07-07,Cloud-AWS-AP-South,78.3,0,0
2024-07-08,DC-Mumbai,87.4,0,0
2024-07-08,DC-Delhi,80.9,0,0
2024-07-08,DC-Bangalore,47.0,0,0
2024-07-08,Cloud-AWS-AP-South,74.8,0,0
2024-07-09,DC-Mumbai,74.9,0,0
2024-07-09,DC-Delhi,67.8,0,0
2024-07-09,DC-Bangalore,67.6,0,0
2024-07-09,Cloud-AWS-AP-South,66.0,0,0
2024-07-10,DC-Mumbai,78.3,0,0
2024-07-10,DC-Delhi,67.9,0,0
2024-07-10,DC-Bangalore,66.1,0,0
2024-07-10,Cloud-AWS-AP-South,78.4,0,0
2024-07-11,DC-Mumbai,60.2,0,0
2024-07-11,DC-Delhi,77.6,0,0
2024-07-11,DC-Bangalore,76.0,0,0
2024-07-11,Cloud-AWS-AP-South,63.0,0,0
2024-07-12,DC-Mumbai,58.1,0,0
2024-07-12,DC-Delhi,55.8,0,0
2024-07-12,DC-Bangalore,64.2,0,0
2024-07-12,Cloud-AWS-AP-South,61.7,0,0
2024-07-13,DC-Mumbai,57.0,0,0
2024-07-13,DC-Delhi,50.3,0,0
2024-07-13,DC-Bangalore,86.3,0,0
2024-07-13,Cloud-AWS-AP-South,81.2,0,0
2024-07-14,DC-Mumbai,50.0,0,0
2024-07-14,DC-Delhi,60.6,0,0
2024-07-14,DC-Bangalore,62.2,0,0
2024-07-14,Cloud-AWS-AP-South,63.9,0,0
2024-07-15,DC-Mumbai,65.0,0,0
2024-07-15,DC-Delhi,84.7,0,0
2024-07-15,DC-Bangalore,53.0,0,0
2024-07-15,Cloud-AWS-AP-South,65.5,0,0
2024-07-16,DC-Mumbai,57.0,0,0
2024-07-16,DC-Delhi,56.2,0,0
2024-07-16,DC-Bangalore,45.5,0,0
2024-07-16,Cloud-AWS-AP-South,79.1,0,0
2024-07-17,DC-Mumbai,64.2,0,0
2024-07-17,DC-Delhi,72.3,0,0
2024-07-17,DC-Bangalore,78.9,0,0
2024-07-17,Cloud-AWS-AP-South,69.3,0,0
2024-07-18,DC-Mumbai,89.7,0,0
2024-07-18,DC-Delhi,89.4,0,0
2024-07-18,DC-Bangalore,58.0,0,0
2024-07-18,Cloud-AWS-AP-South,60.2,0,0
2024-07-19,DC-Mumbai,62.3,0,0
2024-07-19,DC-Delhi,50.9,0,0
2024-07-19,DC-Bangalore,76.4,0,0
2024-07-19,Cloud-AWS-AP-South,79.4,0,0
2024-07-20,DC-Mumbai,83.4,0,0
2024-07-20,DC-Delhi,83.3,0,0
2024-07-20,DC-Bangalore,63.7,0,0
2024-07-20,Cloud-AWS-AP-South,60.5,0,0
2024-07-21,DC-Mumbai,58.9,0,0
2024-07-21,DC-Delhi,66.4,0,0
2024-07-21,DC-Bangalore,57.5,0,0
2024-07-21,Cloud-AWS-AP-South,60.3,0,0
2024-07-22,DC-Mumbai,80.0,0,0
2024-07-22,DC-Delhi,70.7,0,0
2024-07-22,DC-Bangalore,85.0,0,0
2024-07-22,Cloud-AWS-AP-South,69.7,0,0
2024-07-23,DC-Mumbai,66.0,0,0
2024-07-23,DC-Delhi,84.0,0,0
2024-07-23,DC-Bangalore,66.8,0,0
2024-07-23,Cloud-AWS-AP-South,67.3,0,0
2024-07-24,DC-Mumbai,54.2,0,0
2024-07-24,DC-Delhi,86.5,0,0
2024-07-24,DC-Bangalore,61.5,0,0
2024-07-24,Cloud-AWS-AP-South,71.2,0,0
2024-07-25,DC-Mumbai,86.3,0,0
2024-07-25,DC-Delhi,66.5,0,0
2024-07-25,DC-Bangalore,60.6,0,0
2024-07-25,Cloud-AWS-AP-South,80.7,0,0
2024-07-26,DC-Mumbai,52.4,0,0
2024-07-26,DC-Delhi,81.1,0,0
2024-07-26,DC-Bangalore,70.9,0,0
2024-07-26,Cloud-AWS-AP-South,68.0,0,0
2024-07-27,DC-Mumbai,80.4,0,0
2024-07-27,DC-Delhi,58.6,0,0
2024-07-27,DC-Bangalore,65.1,0,0
2024-07-27,Cloud-AWS-AP-South,83.5,0,0
2024-07-28,DC-Mumbai,46.8,0,0
2024-07-28,DC-Delhi,70.2,0,0
2024-07-28,DC-Bangalore,56.9,0,0
2024-07-28,Cloud-AWS-AP-South,79.0,0,0
2024-07-29,DC-Mumbai,53.4,0,0
2024-07-29,DC-Delhi,69.8,0,0
2024-07-29,DC-Bangalore,51.0,0,0
2024-07-29,Cloud-AWS-AP-South,64.9,0,0
2024-07-30,DC-Mumbai,86.0,0,0
2024-07-30,DC-Delhi,57.0,0,0
2024-07-30,DC-Bangalore,86.6,0,0
2024-07-30,Cloud-AWS-AP-South,81.8,0,1
2024-07-31,DC-Mumbai,89.2,0,0
2024-07-31,DC-Delhi,91.6,0,0
2024-07-31,DC-Bangalore,69.4,0,0
2024-07-31,Cloud-AWS-AP-South,70.3,0,0
2024-08-01,DC-Mumbai,72.1,0,0
2024-08-01,DC-Delhi,69.8,0,0
2024-08-01,DC-Bangalore,82.6,0,0
2024-08-01,Cloud-AWS-AP-South,83.2,0,0
2024-08-02,DC-Mumbai,62.9,0,0
2024-08-02,DC-Delhi,54.5,0,0
2024-08-02,DC-Bangalore,69.4,0,0
2024-08-02,Cloud-AWS-AP-South,71.9,0,1
2024-08-03,DC-Mumbai,71.8,0,0
2024-08-03,DC-Delhi,78.7,0,0
2024-08-03,DC-Bangalore,54.6,0,0
2024-08-03,Cloud-AWS-AP-South,69.3,0,0
2024-08-04,DC-Mumbai,68.8,0,0
2024-08-04,DC-Delhi,63.0,0,0
2024-08-04,DC-Bangalore,0.0,20,0
2024-08-04,Cloud-AWS-AP-South,81.4,0,0
2024-08-05,DC-Mumbai,57.5,0,0
2024-08-05,DC-Delhi,67.3,0,0
2024-08-05,DC-Bangalore,54.8,0,0
2024-08-05,Cloud-AWS-AP-South,62.3,0,0
2024-08-06,DC-Mumbai,91.6,0,0
2024-08-06,DC-Delhi,88.9,0,0
2024-08-06,DC-Bangalore,81.7,0,0
2024-08-06,Cloud-AWS-AP-South,72.8,0,0
2024-08-07,DC-Mumbai,0.0,91,0
2024-08-07,DC-Delhi,66.3,0,0
2024-08-07,DC-Bangalore,45.9,0,1
2024-08-07,Cloud-AWS-AP-South,60.8,0,0
2024-08-08,DC-Mumbai,75.8,0,0
2024-08-08,DC-Delhi,46.6,0,0
2024-08-08,DC-Bangalore,62.3,0,0
2024-08-08,Cloud-AWS-AP-South,66.7,0,0
2024-08-09,DC-Mumbai,66.5,0,1
2024-08-09,DC-Delhi,78.9,0,0
2024-08-09,DC-Bangalore,45.3,0,0
2024-08-09,Cloud-AWS-AP-South,73.8,0,0
2024-08-10,DC-Mumbai,45.5,0,0
2024-08-10,DC-Delhi,73.4,0,0
2024-08-10,DC-Bangalore,59.0,0,0
2024-08-10,Cloud-AWS-AP-South,0.0,234,0
2024-08-11,DC-Mumbai,59.9,0,0
2024-08-11,DC-Delhi,66.5,0,0
2024-08-11,DC-Bangalore,57.3,0,0
2024-08-11,Cloud-AWS-AP-South,61.0,0,0
2024-08-12,DC-Mumbai,73.3,0,0
2024-08-12,DC-Delhi,73.8,0,0
2024-08-12,DC-Bangalore,69.2,0,0
2024-08-12,Cloud-AWS-AP-South,79.3,0,0
2024-08-13,DC-Mumbai,52.4,0,0
2024-08-13,DC-Delhi,67.0,0,1
2024-08-13,DC-Bangalore,53.9,0,0
2024-08-13,Cloud-AWS-AP-South,69.7,0,0
2024-08-14,DC-Mumbai,91.6,0,1
2024-08-14,DC-Delhi,48.3,0,1
2024-08-14,DC-Bangalore,51.9,0,0
2024-08-14,Cloud-AWS-AP-South,60.8,0,0
2024-08-15,DC-Mumbai,48.6,0,0
2024-08-15,DC-Delhi,45.2,0,0
2024-08-15,DC-Bangalore,82.5,0,0
2024-08-15,Cloud-AWS-AP-South,77.1,0,0
2024-08-16,DC-Mumbai,89.7,0,0
2024-08-16,DC-Delhi,52.6,0,0
2024-08-16,DC-Bangalore,54.8,0,0
2024-08-16,Cloud-AWS-AP-South,67.6,0,0
2024-08-17,DC-Mumbai,60.6,0,0
2024-08-17,DC-Delhi,58.4,0,0
2024-08-17,DC-Bangalore,86.9,0,0
2024-08-17,Cloud-AWS-AP-South,79.9,0,0
2024-08-18,DC-Mumbai,69.5,0,0
2024-08-18,DC-Delhi,78.7,0,0
2024-08-18,DC-Bangalore,45.9,0,0
2024-08-18,Cloud-AWS-AP-South,65.2,0,1
2024-08-19,DC-Mumbai,60.0,0,0
2024-08-19,DC-Delhi,62.3,0,0
2024-08-19,DC-Bangalore,71.5,0,0
2024-08-19,Cloud-AWS-AP-South,81.6,0,0
2024-08-20,DC-Mumbai,67.6,0,0
2024-08-20,DC-Delhi,57.2,0,0
2024-08-20,DC-Bangalore,48.5,0,0
2024-08-20,Cloud-AWS-AP-South,60.9,0,0
2024-08-21,DC-Mumbai,60.1,0,0
2024-08-21,DC-Delhi,76.8,0,0
2024-08-21,DC-Bangalore,68.8,0,0
2024-08-21,Cloud-AWS-AP-South,77.2,0,0
2024-08-22,DC-Mumbai,73.6,0,0
2024-08-22,DC-Delhi,57.0,0,0
2024-08-22,DC-Bangalore,62.0,0,0
2024-08-22,Cloud-AWS-AP-South,78.6,0,0
2024-08-23,DC-Mumbai,69.2,0,0
2024-08-23,DC-Delhi,64.0,0,0
2024-08-23,DC-Bangalore,86.8,0,0
2024-08-23,Cloud-AWS-AP-South,77.4,0,0
2024-08-24,DC-Mumbai,47.9,0,0
2024-08-24,DC-Delhi,90.6,0,0
2024-08-24,DC-Bangalore,49.1,0,0
2024-08-24,Cloud-AWS-AP-South,82.7,0,0
2024-08-25,DC-Mumbai,65.1,0,0
2024-08-25,DC-Delhi,63.1,0,0
2024-08-25,DC-Bangalore,51.5,0,0
2024-08-25,Cloud-AWS-AP-South,65.6,0,0
2024-08-26,DC-Mumbai,84.7,0,0
2024-08-26,DC-Delhi,83.3,0,0
2024-08-26,DC-Bangalore,62.1,0,0
2024-08-26,Cloud-AWS-AP-South,79.6,0,0
2024-08-27,DC-Mumbai,80.1,0,0
2024-08-27,DC-Delhi,52.2,0,0
2024-08-27,DC-Bangalore,91.5,0,1
2024-08-27,Cloud-AWS-AP-South,62.5,0,0
2024-08-28,DC-Mumbai,0.0,152,0
2024-08-28,DC-Delhi,46.9,0,0
2024-08-28,DC-Bangalore,46.2,0,0
2024-08-28,Cloud-AWS-AP-South,63.6,0,0
2024-08-29,DC-Mumbai,83.4,0,0
2024-08-29,DC-Delhi,50.0,0,0
2024-08-29,DC-Bangalore,64.4,0,0
2024-08-29,Cloud-AWS-AP-South,77.4,0,0
2024-08-30,DC-Mumbai,88.7,0,0
2024-08-30,DC-Delhi,91.3,0,0
2024-08-30,DC-Bangalore,0.0,139,0
2024-08-30,Cloud-AWS-AP-South,71.2,0,0
2024-08-31,DC-Mumbai,54.2,0,0
2024-08-31,DC-Delhi,78.5,0,0
2024-08-31,DC-Bangalore,57.1,0,0
2024-08-31,Cloud-AWS-AP-South,70.7,0,0
2024-09-01,DC-Mumbai,53.1,0,0
2024-09-01,DC-Delhi,64.7,0,0
2024-09-01,DC-Bangalore,75.9,0,0
2024-09-01,Cloud-AWS-AP-South,64.7,0,0
2024-09-02,DC-Mumbai,53.3,0,0
2024-09-02,DC-Delhi,51.6,0,0
2024-09-02,DC-Bangalore,74.0,0,0
2024-09-02,Cloud-AWS-AP-South,72.2,0,0
2024-09-03,DC-Mumbai,67.0,0,0
2024-09-03,DC-Delhi,84.8,0,0
2024-09-03,DC-Bangalore,87.2,0,0
2024-09-03,Cloud-AWS-AP-South,67.5,0,0
2024-09-04,DC-Mumbai,69.5,0,0
2024-09-04,DC-Delhi,78.3,0,0
2024-09-04,DC-Bangalore,59.6,0,0
2024-09-04,Cloud-AWS-AP-South,79.4,0,1
2024-09-05,DC-Mumbai,71.1,0,0
2024-09-05,DC-Delhi,73.6,0,0
2024-09-05,DC-Bangalore,72.8,0,0
2024-09-05,Cloud-AWS-AP-South,68.2,0,0
2024-09-06,DC-Mumbai,68.6,0,0
2024-09-06,DC-Delhi,81.9,0,0
2024-09-06,DC-Bangalore,54.6,0,1
2024-09-06,Cloud-AWS-AP-South,76.7,0,0
2024-09-07,DC-Mumbai,51.2,0,0
2024-09-07,DC-Delhi,58.6,0,0
2024-09-07,DC-Bangalore,49.6,0,0
2024-09-07,Cloud-AWS-AP-South,81.9,0,0
2024-09-08,DC-Mumbai,54.5,0,0
2024-09-08,DC-Delhi,54.9,0,0
2024-09-08,DC-Bangalore,83.4,0,0
2024-09-08,Cloud-AWS-AP-South,79.6,0,0
2024-09-09,DC-Mumbai,53.4,0,0
2024-09-09,DC-Delhi,49.3,0,0
2024-09-09,DC-Bangalore,68.3,0,0
2024-09-09,Cloud-AWS-AP-South,67.6,0,0
2024-09-10,DC-Mumbai,72.9,0,0
2024-09-10,DC-Delhi,54.9,0,0
2024-09-10,DC-Bangalore,78.7,0,0
2024-09-10,Cloud-AWS-AP-South,62.2,0,0
2024-09-11,DC-Mumbai,90.5,0,0
2024-09-11,DC-Delhi,74.4,0,0
2024-09-11,DC-Bangalore,60.2,0,0
2024-09-11,Cloud-AWS-AP-South,73.5,0,0
2024-09-12,DC-Mumbai,85.2,0,0
2024-09-12,DC-Delhi,74.8,0,0
2024-09-12,DC-Bangalore,85.2,0,0
2024-09-12,Cloud-AWS-AP-South,65.4,0,0
2024-09-13,DC-Mumbai,73.6,0,0
2024-09-13,DC-Delhi,80.7,0,0
2024-09-13,DC-Bangalore,66.7,0,0
2024-09-13,Cloud-AWS-AP-South,81.8,0,0
2024-09-14,DC-Mumbai,46.8,0,0
2024-09-14,DC-Delhi,58.0,0,0
2024-09-14,DC-Bangalore,90.8,0,0
2024-09-14,Cloud-AWS-AP-South,71.7,0,0
2024-09-15,DC-Mumbai,71.5,0,0
2024-09-15,DC-Delhi,73.8,0,0
2024-09-15,DC-Bangalore,58.5,0,0
2024-09-15,Cloud-AWS-AP-South,68.6,0,0
2024-09-16,DC-Mumbai,53.1,0,0
2024-09-16,DC-Delhi,54.5,0,0
2024-09-16,DC-Bangalore,62.6,0,0
2024-09-16,Cloud-AWS-AP-South,60.1,0,0
2024-09-17,DC-Mumbai,85.8,0,0
2024-09-17,DC-Delhi,57.9,0,0
2024-09-17,DC-Bangalore,46.0,0,0
2024-09-17,Cloud-AWS-AP-South,72.8,0,0
2024-09-18,DC-Mumbai,73.3,0,0
2024-09-18,DC-Delhi,72.7,0,0
2024-09-18,DC-Bangalore,61.3,0,0
2024-09-18,Cloud-AWS-AP-South,61.9,0,0
2024-09-19,DC-Mumbai,55.4,0,0
2024-09-19,DC-Delhi,91.3,0,0
2024-09-19,DC-Bangalore,81.7,0,0
2024-09-19,Cloud-AWS-AP-South,84.3,0,0
2024-09-20,DC-Mumbai,53.9,0,0
2024-09-20,DC-Delhi,48.2,0,0
2024-09-20,DC-Bangalore,70.9,0,0
2024-09-20,Cloud-AWS-AP-South,77.5,0,0
2024-09-21,DC-Mumbai,68.0,0,1
2024-09-21,DC-Delhi,46.6,0,0
2024-09-21,DC-Bangalore,45.4,0,0
2024-09-21,Cloud-AWS-AP-South,78.1,0,0
2024-09-22,DC-Mumbai,59.6,0,0
2024-09-22,DC-Delhi,87.9,0,0
2024-09-22,DC-Bangalore,61.1,0,0
2024-09-22,Cloud-AWS-AP-South,75.1,0,0
2024-09-23,DC-Mumbai,58.6,0,0
2024-09-23,DC-Delhi,88.9,0,0
2024-09-23,DC-Bangalore,90.8,0,0
2024-09-23,Cloud-AWS-AP-South,68.6,0,0
2024-09-24,DC-Mumbai,90.1,0,0
2024-09-24,DC-Delhi,51.6,0,0
2024-09-24,DC-Bangalore,45.9,0,1
2024-09-24,Cloud-AWS-AP-South,61.4,0,0
2024-09-25,DC-Mumbai,75.1,0,0
2024-09-25,DC-Delhi,82.0,0,0
2024-09-25,DC-Bangalore,91.7,0,0
2024-09-25,Cloud-AWS-AP-South,83.0,0,0
2024-09-26,DC-Mumbai,60.2,0,0
2024-09-26,DC-Delhi,57.1,0,0
2024-09-26,DC-Bangalore,70.1,0,1
2024-09-26,Cloud-AWS-AP-South,69.3,0,0
2024-09-27,DC-Mumbai,79.9,0,0
2024-09-27,DC-Delhi,60.1,0,0
2024-09-27,DC-Bangalore,45.2,0,0
2024-09-27,Cloud-AWS-AP-South,66.4,0,0
2024-09-28,DC-Mumbai,71.3,0,0
2024-09-28,DC-Delhi,86.2,0,0
2024-09-28,DC-Bangalore,66.5,0,1
2024-09-28,Cloud-AWS-AP-South,62.1,0,0
2024-09-29,DC-Mumbai,78.8,0,0
2024-09-29,DC-Delhi,78.2,0,0
2024-09-29,DC-Bangalore,47.6,0,0
2024-09-29,Cloud-AWS-AP-South,78.5,0,0
2024-09-30,DC-Mumbai,56.9,0,0
2024-09-30,DC-Delhi,91.1,0,0
2024-09-30,DC-Bangalore,59.1,0,0
2024-09-30,Cloud-AWS-AP-South,79.8,0,0
2024-10-01,DC-Mumbai,52.3,0,0
2024-10-01,DC-Delhi,90.2,0,0
2024-10-01,DC-Bangalore,89.0,0,0
2024-10-01,Cloud-AWS-AP-South,62.2,0,0
2024-10-02,DC-Mumbai,62.4,0,0
2024-10-02,DC-Delhi,79.7,0,0
2024-10-02,DC-Bangalore,83.8,0,0
2024-10-02,Cloud-AWS-AP-South,66.4,0,0
2024-10-03,DC-Mumbai,59.4,0,1
2024-10-03,DC-Delhi,63.4,0,0
2024-10-03,DC-Bangalore,64.5,0,0
2024-10-03,Cloud-AWS-AP-South,80.6,0,0
2024-10-04,DC-Mumbai,68.5,0,0
2024-10-04,DC-Delhi,82.5,0,0
2024-10-04,DC-Bangalore,61.5,0,0
2024-10-04,Cloud-AWS-AP-South,0.0,211,0
2024-10-05,DC-Mumbai,63.6,0,0
2024-10-05,DC-Delhi,72.6,0,0
2024-10-05,DC-Bangalore,53.7,0,0
2024-10-05,Cloud-AWS-AP-South,75.9,0,0
2024-10-06,DC-Mumbai,49.6,0,0
2024-10-06,DC-Delhi,56.1,0,0
2024-10-06,DC-Bangalore,76.9,0,0
2024-10-06,Cloud-AWS-AP-South,78.2,0,0
2024-10-07,DC-Mumbai,87.4,0,0
2024-10-07,DC-Delhi,66.6,0,0
2024-10-07,DC-Bangalore,58.5,0,1
2024-10-07,Cloud-AWS-AP-South,70.0,0,0
2024-10-08,DC-Mumbai,88.5,0,0
2024-10-08,DC-Delhi,66.8,0,0
2024-10-08,DC-Bangalore,91.9,0,0
2024-10-08,Cloud-AWS-AP-South,82.1,0,0
2024-10-09,DC-Mumbai,91.9,0,0
2024-10-09,DC-Delhi,88.3,0,0
2024-10-09,DC-Bangalore,46.2,0,0
2024-10-09,Cloud-AWS-AP-South,81.5,0,0
2024-10-10,DC-Mumbai,54.1,0,0
2024-10-10,DC-Delhi,70.8,0,0
2024-10-10,DC-Bangalore,60.9,0,0
2024-10-10,Cloud-AWS-AP-South,81.3,0,0
2024-10-11,DC-Mumbai,63.9,0,0
2024-10-11,DC-Delhi,67.2,0,0
2024-10-11,DC-Bangalore,76.9,0,0
2024-10-11,Cloud-AWS-AP-South,72.3,0,0
2024-10-12,DC-Mumbai,76.5,0,0
2024-10-12,DC-Delhi,83.6,0,0
2024-10-12,DC-Bangalore,55.9,0,0
2024-10-12,Cloud-AWS-AP-South,64.3,0,0
2024-10-13,DC-Mumbai,60.5,0,0
2024-10-13,DC-Delhi,86.3,0,0
2024-10-13,DC-Bangalore,63.9,0,0
2024-10-13,Cloud-AWS-AP-South,63.4,0,0
2024-10-14,DC-Mumbai,87.4,0,0
2024-10-14,DC-Delhi,85.6,0,0
2024-10-14,DC-Bangalore,68.8,0,0
2024-10-14,Cloud-AWS-AP-South,61.7,0,0
2024-10-15,DC-Mumbai,91.4,0,0
2024-10-15,DC-Delhi,53.4,0,0
2024-10-15,DC-Bangalore,92.0,0,0
2024-10-15,Cloud-AWS-AP-South,63.2,0,0
2024-10-16,DC-Mumbai,49.5,0,0
2024-10-16,DC-Delhi,83.1,0,0
2024-10-16,DC-Bangalore,78.1,0,0
2024-10-16,Cloud-AWS-AP-South,74.6,0,0
2024-10-17,DC-Mumbai,60.7,0,0
2024-10-17,DC-Delhi,89.0,0,0
2024-10-17,DC-Bangalore,87.6,0,0
2024-10-17,Cloud-AWS-AP-South,71.2,0,1
2024-10-18,DC-Mumbai,64.5,0,0
2024-10-18,DC-Delhi,85.6,0,0
2024-10-18,DC-Bangalore,48.0,0,0
2024-10-18,Cloud-AWS-AP-South,63.3,0,0
2024-10-19,DC-Mumbai,90.7,0,0
2024-10-19,DC-Delhi,45.9,0,0
2024-10-19,DC-Bangalore,80.2,0,0
2024-10-19,Cloud-AWS-AP-South,66.7,0,0
2024-10-20,DC-Mumbai,55.2,0,0
2024-10-20,DC-Delhi,49.1,0,0
2024-10-20,DC-Bangalore,46.0,0,0
2024-10-20,Cloud-AWS-AP-South,62.0,0,0
2024-10-21,DC-Mumbai,89.8,0,0
2024-10-21,DC-Delhi,69.2,0,0
2024-10-21,DC-Bangalore,49.8,0,0
2024-10-21,Cloud-AWS-AP-South,80.1,0,0
2024-10-22,DC-Mumbai,68.8,0,0
2024-10-22,DC-Delhi,84.7,0,0
2024-10-22,DC-Bangalore,67.1,0,0
2024-10-22,Cloud-AWS-AP-South,80.2,0,0
2024-10-23,DC-Mumbai,84.0,0,0
2024-10-23,DC-Delhi,88.2,0,0
2024-10-23,DC-Bangalore,60.5,0,0
2024-10-23,Cloud-AWS-AP-South,66.2,0,1
2024-10-24,DC-Mumbai,66.2,0,0
2024-10-24,DC-Delhi,88.3,0,0
2024-10-24,DC-Bangalore,49.2,0,0
2024-10-24,Cloud-AWS-AP-South,70.2,0,0
2024-10-25,DC-Mumbai,74.3,0,0
2024-10-25,DC-Delhi,71.5,0,0
2024-10-25,DC-Bangalore,56.8,0,1
2024-10-25,Cloud-AWS-AP-South,64.7,0,0
2024-10-26,DC-Mumbai,78.4,0,0
2024-10-26,DC-Delhi,51.8,0,0
2024-10-26,DC-Bangalore,77.3,0,0
2024-10-26,Cloud-AWS-AP-South,63.1,0,0
2024-10-27,DC-Mumbai,49.7,0,0
2024-10-27,DC-Delhi,71.7,0,0
2024-10-27,DC-Bangalore,89.1,0,0
2024-10-27,Cloud-AWS-AP-South,72.5,0,0
2024-10-28,DC-Mumbai,88.5,0,0
2024-10-28,DC-Delhi,55.7,0,0
2024-10-28,DC-Bangalore,77.7,0,0
2024-10-28,Cloud-AWS-AP-South,77.3,0,0
2024-10-29,DC-Mumbai,75.4,0,0
2024-10-29,DC-Delhi,90.2,0,0
2024-10-29,DC-Bangalore,81.0,0,0
2024-10-29,Cloud-AWS-AP-South,63.9,0,0
2024-10-30,DC-Mumbai,50.5,0,1
2024-10-30,DC-Delhi,56.0,0,0
2024-10-30,DC-Bangalore,86.7,0,0
2024-10-30,Cloud-AWS-AP-South,64.0,0,0
2024-10-31,DC-Mumbai,71.8,0,0
2024-10-31,DC-Delhi,48.7,0,0
2024-10-31,DC-Bangalore,63.7,0,0
2024-10-31,Cloud-AWS-AP-South,68.7,0,0
2024-11-01,DC-Mumbai,86.6,0,0
2024-11-01,DC-Delhi,86.2,0,0
2024-11-01,DC-Bangalore,59.6,0,0
2024-11-01,Cloud-AWS-AP-South,62.5,0,0
2024-11-02,DC-Mumbai,57.1,0,0
2024-11-02,DC-Delhi,83.2,0,0
2024-11-02,DC-Bangalore,88.9,0,0
2024-11-02,Cloud-AWS-AP-South,77.7,0,0
2024-11-03,DC-Mumbai,49.5,0,0
2024-11-03,DC-Delhi,75.9,0,0
2024-11-03,DC-Bangalore,71.4,0,0
2024-11-03,Cloud-AWS-AP-South,60.9,0,0
2024-11-04,DC-Mumbai,90.6,0,0
2024-11-04,DC-Delhi,80.2,0,0
2024-11-04,DC-Bangalore,55.3,0,0
2024-11-04,Cloud-AWS-AP-South,68.4,0,0
2024-11-05,DC-Mumbai,56.7,0,0
2024-11-05,DC-Delhi,69.9,0,0
2024-11-05,DC-Bangalore,82.7,0,0
2024-11-05,Cloud-AWS-AP-South,60.6,0,0
2024-11-06,DC-Mumbai,47.8,0,0
2024-11-06,DC-Delhi,68.6,0,0
2024-11-06,DC-Bangalore,90.2,0,0
2024-11-06,Cloud-AWS-AP-South,66.7,0,0
2024-11-07,DC-Mumbai,53.4,0,0
2024-11-07,DC-Delhi,87.8,0,0
2024-11-07,DC-Bangalore,48.4,0,0
2024-11-07,Cloud-AWS-AP-South,76.0,0,0
2024-11-08,DC-Mumbai,91.6,0,0
2024-11-08,DC-Delhi,48.1,0,0
2024-11-08,DC-Bangalore,79.0,0,0
2024-11-08,Cloud-AWS-AP-South,70.2,0,0
2024-11-09,DC-Mumbai,54.5,0,0
2024-11-09,DC-Delhi,49.3,0,0
2024-11-09,DC-Bangalore,83.3,0,0
2024-11-09,Cloud-AWS-AP-South,72.2,0,0
2024-11-10,DC-Mumbai,86.9,0,0
2024-11-10,DC-Delhi,0.0,147,0
2024-11-10,DC-Bangalore,46.2,0,0
2024-11-10,Cloud-AWS-AP-South,77.6,0,0
2024-11-11,DC-Mumbai,71.2,0,0
2024-11-11,DC-Delhi,61.1,0,0
2024-11-11,DC-Bangalore,72.9,0,0
2024-11-11,Cloud-AWS-AP-South,81.6,0,0
2024-11-12,DC-Mumbai,89.6,0,0
2024-11-12,DC-Delhi,54.2,0,0
2024-11-12,DC-Bangalore,84.4,0,0
2024-11-12,Cloud-AWS-AP-South,65.5,0,0
2024-11-13,DC-Mumbai,64.6,0,0
2024-11-13,DC-Delhi,53.9,0,0
2024-11-13,DC-Bangalore,84.2,0,1
2024-11-13,Cloud-AWS-AP-South,80.9,0,0
2024-11-14,DC-Mumbai,60.0,0,0
2024-11-14,DC-Delhi,62.9,0,0
2024-11-14,DC-Bangalore,55.9,0,0
2024-11-14,Cloud-AWS-AP-South,72.3,0,0
2024-11-15,DC-Mumbai,57.5,0,0
2024-11-15,DC-Delhi,83.9,0,0
2024-11-15,DC-Bangalore,88.1,0,0
2024-11-15,Cloud-AWS-AP-South,78.7,0,0
2024-11-16,DC-Mumbai,80.8,0,0
2024-11-16,DC-Delhi,79.5,0,0
2024-11-16,DC-Bangalore,61.5,0,0
2024-11-16,Cloud-AWS-AP-South,79.3,0,0
2024-11-17,DC-Mumbai,78.1,0,0
2024-11-17,DC-Delhi,61.1,0,0
2024-11-17,DC-Bangalore,67.6,0,0
2024-11-17,Cloud-AWS-AP-South,84.1,0,0
2024-11-18,DC-Mumbai,79.0,0,0
2024-11-18,DC-Delhi,66.4,0,0
2024-11-18,DC-Bangalore,64.6,0,0
2024-11-18,Cloud-AWS-AP-South,84.9,0,0
2024-11-19,DC-Mumbai,61.5,0,0
2024-11-19,DC-Delhi,88.2,0,0
2024-11-19,DC-Bangalore,66.3,0,0
2024-11-19,Cloud-AWS-AP-South,70.6,0,0
2024-11-20,DC-Mumbai,63.7,0,0
2024-11-20,DC-Delhi,90.1,0,0
2024-11-20,DC-Bangalore,56.5,0,0
2024-11-20,Cloud-AWS-AP-South,69.3,0,0
2024-11-21,DC-Mumbai,66.4,0,0
2024-11-21,DC-Delhi,55.8,0,0
2024-11-21,DC-Bangalore,72.2,0,0
2024-11-21,Cloud-AWS-AP-South,79.6,0,0
2024-11-22,DC-Mumbai,90.0,0,0
2024-11-22,DC-Delhi,69.5,0,0
2024-11-22,DC-Bangalore,78.3,0,0
2024-11-22,Cloud-AWS-AP-South,62.5,0,0
2024-11-23,DC-Mumbai,80.4,0,0
2024-11-23,DC-Delhi,68.8,0,0
2024-11-23,DC-Bangalore,91.7,0,0
2024-11-23,Cloud-AWS-AP-South,62.4,0,0
2024-11-24,DC-Mumbai,51.5,0,0
2024-11-24,DC-Delhi,60.4,0,0
2024-11-24,DC-Bangalore,69.4,0,0
2024-11-24,Cloud-AWS-AP-South,75.3,0,0
2024-11-25,DC-Mumbai,73.9,0,0
2024-11-25,DC-Delhi,76.2,0,0
2024-11-25,DC-Bangalore,81.8,0,0
2024-11-25,Cloud-AWS-AP-South,83.2,0,0
2024-11-26,DC-Mumbai,54.1,0,0
2024-11-26,DC-Delhi,56.3,0,0
2024-11-26,DC-Bangalore,77.7,0,0
2024-11-26,Cloud-AWS-AP-South,62.8,0,0
2024-11-27,DC-Mumbai,48.9,0,0
2024-11-27,DC-Delhi,53.5,0,0
2024-11-27,DC-Bangalore,78.6,0,0
2024-11-27,Cloud-AWS-AP-South,73.7,0,0
2024-11-28,DC-Mumbai,56.3,0,1
2024-11-28,DC-Delhi,85.9,0,0
2024-11-28,DC-Bangalore,69.6,0,0
2024-11-28,Cloud-AWS-AP-South,72.8,0,0
2024-11-29,DC-Mumbai,52.6,0,0
2024-11-29,DC-Delhi,66.7,0,0
2024-11-29,DC-Bangalore,81.1,0,0
2024-11-29,Cloud-AWS-AP-South,80.4,0,0
2024-11-30,DC-Mumbai,82.8,0,0
2024-11-30,DC-Delhi,48.7,0,0
2024-11-30,DC-Bangalore,75.7,0,0
2024-11-30,Cloud-AWS-AP-South,62.7,0,0
2024-12-01,DC-Mumbai,91.8,0,0
2024-12-01,DC-Delhi,84.5,0,0
2024-12-01,DC-Bangalore,65.8,0,1
2024-12-01,Cloud-AWS-AP-South,64.3,0,0
2024-12-02,DC-Mumbai,52.4,0,0
2024-12-02,DC-Delhi,60.3,0,0
2024-12-02,DC-Bangalore,81.1,0,0
2024-12-02,Cloud-AWS-AP-South,69.7,0,0
2024-12-03,DC-Mumbai,89.8,0,0
2024-12-03,DC-Delhi,54.1,0,0
2024-12-03,DC-Bangalore,60.0,0,0
2024-12-03,Cloud-AWS-AP-South,64.0,0,0
2024-12-04,DC-Mumbai,89.4,0,0
2024-12-04,DC-Delhi,72.7,0,0
2024-12-04,DC-Bangalore,81.4,0,0
2024-12-04,Cloud-AWS-AP-South,76.7,0,0
2024-12-05,DC-Mumbai,67.6,0,0
2024-12-05,DC-Delhi,0.0,88,0
2024-12-05,DC-Bangalore,65.7,0,0
2024-12-05,Cloud-AWS-AP-South,84.1,0,0
2024-12-06,DC-Mumbai,82.8,0,0
2024-12-06,DC-Delhi,45.1,0,0
2024-12-06,DC-Bangalore,63.0,0,0
2024-12-06,Cloud-AWS-AP-South,69.2,0,0
2024-12-07,DC-Mumbai,58.5,0,0
2024-12-07,DC-Delhi,86.7,0,0
2024-12-07,DC-Bangalore,85.2,0,0
2024-12-07,Cloud-AWS-AP-South,78.6,0,0
2024-12-08,DC-Mumbai,52.7,0,0
2024-12-08,DC-Delhi,48.1,0,0
2024-12-08,DC-Bangalore,66.1,0,0
2024-12-08,Cloud-AWS-AP-South,60.7,0,0
2024-12-09,DC-Mumbai,76.1,0,0
2024-12-09,DC-Delhi,51.1,0,0
2024-12-09,DC-Bangalore,85.3,0,0
2024-12-09,Cloud-AWS-AP-South,75.2,0,1
2024-12-10,DC-Mumbai,82.6,0,0
2024-12-10,DC-Delhi,0.0,131,0
2024-12-10,DC-Bangalore,71.5,0,0
2024-12-10,Cloud-AWS-AP-South,0.0,115,0
2024-12-11,DC-Mumbai,82.3,0,0
2024-12-11,DC-Delhi,83.6,0,0
2024-12-11,DC-Bangalore,88.4,0,0
2024-12-11,Cloud-AWS-AP-South,76.0,0,0
2024-12-12,DC-Mumbai,85.9,0,0
2024-12-12,DC-Delhi,63.6,0,0
2024-12-12,DC-Bangalore,82.6,0,0
2024-12-12,Cloud-AWS-AP-South,0.0,224,0
2024-12-13,DC-Mumbai,47.6,0,0
2024-12-13,DC-Delhi,89.2,0,0
2024-12-13,DC-Bangalore,52.5,0,0
2024-12-13,Cloud-AWS-AP-South,75.2,0,0
2024-12-14,DC-Mumbai,60.5,0,0
2024-12-14,DC-Delhi,81.0,0,0
2024-12-14,DC-Bangalore,63.4,0,0
2024-12-14,Cloud-AWS-AP-South,61.2,0,0
2024-12-15,DC-Mumbai,45.5,0,0
2024-12-15,DC-Delhi,90.4,0,1
2024-12-15,DC-Bangalore,83.3,0,0
2024-12-15,Cloud-AWS-AP-South,71.8,0,0
2024-12-16,DC-Mumbai,64.8,0,0
2024-12-16,DC-Delhi,70.3,0,0
2024-12-16,DC-Bangalore,64.2,0,0
2024-12-16,Cloud-AWS-AP-South,62.1,0,0
2024-12-17,DC-Mumbai,79.5,0,0
2024-12-17,DC-Delhi,53.1,0,0
2024-12-17,DC-Bangalore,54.0,0,0
2024-12-17,Cloud-AWS-AP-South,62.4,0,0
2024-12-18,DC-Mumbai,57.2,0,1
2024-12-18,DC-Delhi,46.2,0,0
2024-12-18,DC-Bangalore,91.4,0,0
2024-12-18,Cloud-AWS-AP-South,83.4,0,0
2024-12-19,DC-Mumbai,71.3,0,0
2024-12-19,DC-Delhi,65.8,0,0
2024-12-19,DC-Bangalore,50.7,0,0
2024-12-19,Cloud-AWS-AP-South,72.9,0,0
2024-12-20,DC-Mumbai,81.0,0,0
2024-12-20,DC-Delhi,63.1,0,0
2024-12-20,DC-Bangalore,72.3,0,0
2024-12-20,Cloud-AWS-AP-South,0.0,177,0
2024-12-21,DC-Mumbai,77.1,0,0
2024-12-21,DC-Delhi,56.2,0,0
2024-12-21,DC-Bangalore,72.4,0,0
2024-12-21,Cloud-AWS-AP-South,64.2,0,0
2024-12-22,DC-Mumbai,47.4,0,0
2024-12-22,DC-Delhi,72.7,0,0
2024-12-22,DC-Bangalore,64.2,0,0
2024-12-22,Cloud-AWS-AP-South,73.9,0,0
2024-12-23,DC-Mumbai,88.1,0,0
2024-12-23,DC-Delhi,0.0,215,0
2024-12-23,DC-Bangalore,61.5,0,0
2024-12-23,Cloud-AWS-AP-South,70.2,0,0
2024-12-24,DC-Mumbai,63.8,0,0
2024-12-24,DC-Delhi,86.5,0,0
2024-12-24,DC-Bangalore,55.6,0,0
2024-12-24,Cloud-AWS-AP-South,83.5,0,0
2024-12-25,DC-Mumbai,89.3,0,0
2024-12-25,DC-Delhi,78.6,0,0
2024-12-25,DC-Bangalore,67.6,0,1
2024-12-25,Cloud-AWS-AP-South,75.9,0,0
2024-12-26,DC-Mumbai,82.7,0,0
2024-12-26,DC-Delhi,76.0,0,0
2024-12-26,DC-Bangalore,52.2,0,0
2024-12-26,Cloud-AWS-AP-South,83.5,0,1
2024-12-27,DC-Mumbai,89.9,0,0
2024-12-27,DC-Delhi,63.0,0,0
2024-12-27,DC-Bangalore,51.6,0,0
2024-12-27,Cloud-AWS-AP-South,62.6,0,0
2024-12-28,DC-Mumbai,79.5,0,0
2024-12-28,DC-Delhi,79.1,0,0
2024-12-28,DC-Bangalore,54.9,0,0
2024-12-28,Cloud-AWS-AP-South,74.3,0,0
2024-12-29,DC-Mumbai,71.8,0,1
2024-12-29,DC-Delhi,50.6,0,0
2024-12-29,DC-Bangalore,67.0,0,0
2024-12-29,Cloud-AWS-AP-South,72.5,0,0
2024-12-30,DC-Mumbai,66.9,0,0
2024-12-30,DC-Delhi,52.5,0,0
2024-12-30,DC-Bangalore,57.1,0,0
2024-12-30,Cloud-AWS-AP-South,68.7,0,0
