date,vendor_id,on_time_delivery,defect_rate_pct,lead_time_days,payment_delay_days,reliability_score,order_volume,compliance_score
2024-01-01,Vendor_A,0,8.17,10,0,87.0,18871,89.7
2024-01-01,Vendor_B,1,31.79,9,0,66.0,43047,66.2
2024-01-01,Vendor_C,0,44.53,11,6,52.0,32683,44.8
2024-01-01,Vendor_D,1,30.4,12,3,73.0,32032,72.7
2024-01-01,Vendor_E,1,0.0,8,0,90.0,22293,85.4
2024-01-01,Vendor_F,1,17.58,6,0,88.0,4488,88.2
2024-01-01,Vendor_G,1,0.0,6,0,95.0,33197,91.4
2024-01-01,Vendor_H,1,53.28,12,11,48.0,3098,49.0
2024-01-01,Vendor_I,1,24.25,10,2,79.0,29560,75.6
2024-01-01,Vendor_J,0,25.8,8,2,66.0,9367,70.6
2024-01-01,Vendor_K,1,23.95,9,0,72.0,2616,72.6
2024-01-01,Vendor_L,1,11.61,7,1,82.0,26411,76.0
2024-01-01,Vendor_M,1,42.65,13,3,61.0,32588,64.5
2024-01-01,Vendor_N,1,30.03,10,0,72.0,11077,72.6
2024-01-01,Vendor_O,1,9.86,5,0,87.0,8864,80.4
2024-01-08,Vendor_A,1,11.37,6,0,87.0,37947,81.8
2024-01-08,Vendor_B,1,35.01,11,1,66.0,14700,60.0
2024-01-08,Vendor_C,1,54.27,13,4,51.7,1346,56.2
2024-01-08,Vendor_D,1,29.58,11,4,73.0,19987,69.2
2024-01-08,Vendor_E,1,12.88,7,0,90.0,14119,81.0
2024-01-08,Vendor_F,1,9.65,6,1,88.0,5914,87.6
2024-01-08,Vendor_G,0,0.18,10,0,95.0,36269,96.4
2024-01-08,Vendor_H,0,66.6,13,1,47.7,21092,43.6
2024-01-08,Vendor_I,1,19.24,7,2,79.0,16162,72.6
2024-01-08,Vendor_J,1,28.47,9,1,66.0,28401,58.2
2024-01-08,Vendor_K,1,31.72,6,1,72.0,47890,72.2
2024-01-08,Vendor_L,1,18.64,6,0,82.0,32304,84.9
2024-01-08,Vendor_M,0,28.83,14,3,61.0,47770,56.0
2024-01-08,Vendor_N,1,21.55,11,0,72.0,41252,64.0
2024-01-08,Vendor_O,1,17.57,7,0,87.0,48795,88.4
2024-01-15,Vendor_A,1,11.56,6,1,87.0,25186,88.1
2024-01-15,Vendor_B,0,38.49,10,3,66.0,9727,59.8
2024-01-15,Vendor_C,1,40.44,11,2,51.4,26362,53.1
2024-01-15,Vendor_D,0,30.68,10,0,73.0,16925,70.5
2024-01-15,Vendor_E,1,4.69,8,2,90.0,16403,88.5
2024-01-15,Vendor_F,1,18.09,11,0,88.0,32704,88.3
2024-01-15,Vendor_G,1,6.66,5,0,95.0,5484,96.8
2024-01-15,Vendor_H,1,52.21,16,0,47.4,6056,41.0
2024-01-15,Vendor_I,1,22.4,8,0,79.0,29366,75.9
2024-01-15,Vendor_J,0,39.0,8,0,66.0,14703,59.8
2024-01-15,Vendor_K,0,30.13,12,4,72.0,28570,70.1
2024-01-15,Vendor_L,1,11.88,7,0,82.0,42969,80.8
2024-01-15,Vendor_M,1,36.25,13,0,61.0,24673,55.3
2024-01-15,Vendor_N,1,26.13,10,0,72.0,11405,69.4
2024-01-15,Vendor_O,1,20.96,8,0,87.0,8390,87.2
2024-01-22,Vendor_A,1,15.93,9,2,87.0,14256,79.6
2024-01-22,Vendor_B,0,32.95,12,0,66.0,5461,59.4
2024-01-22,Vendor_C,1,45.81,12,0,51.1,1015,44.8
2024-01-22,Vendor_D,1,23.29,11,1,73.0,48391,74.1
2024-01-22,Vendor_E,1,3.79,4,0,90.0,6836,88.8
2024-01-22,Vendor_F,1,8.12,7,1,88.0,21258,88.2
2024-01-22,Vendor_G,1,2.26,10,0,95.0,40396,99.5
2024-01-22,Vendor_H,1,51.12,16,4,47.1,32438,49.1
2024-01-22,Vendor_I,1,19.32,10,1,79.0,36067,77.0
2024-01-22,Vendor_J,1,30.59,11,2,66.0,22045,56.8
2024-01-22,Vendor_K,1,24.95,13,0,72.0,44531,74.5
2024-01-22,Vendor_L,1,18.72,6,0,82.0,30715,84.0
2024-01-22,Vendor_M,0,33.66,10,0,61.0,45039,54.5
2024-01-22,Vendor_N,1,32.0,10,3,72.0,14216,74.2
2024-01-22,Vendor_O,1,11.26,10,0,87.0,31805,88.6
2024-01-29,Vendor_A,1,13.57,12,0,87.0,49409,83.4
2024-01-29,Vendor_B,1,40.14,11,0,66.0,12008,69.3
2024-01-29,Vendor_C,0,42.57,11,5,50.8,18855,44.3
2024-01-29,Vendor_D,1,35.67,9,0,73.0,42031,67.1
2024-01-29,Vendor_E,0,13.88,7,1,90.0,1914,92.0
2024-01-29,Vendor_F,1,13.46,8,0,88.0,18610,83.7
2024-01-29,Vendor_G,1,0.27,1,0,95.0,41830,88.7
2024-01-29,Vendor_H,0,52.42,14,0,46.8,13765,43.0
2024-01-29,Vendor_I,1,17.8,7,0,79.0,17253,83.3
2024-01-29,Vendor_J,0,35.66,10,0,66.0,8093,70.4
2024-01-29,Vendor_K,1,21.51,7,5,72.0,23014,63.7
2024-01-29,Vendor_L,0,25.46,6,0,82.0,25113,73.4
2024-01-29,Vendor_M,0,39.64,11,1,61.0,18108,60.2
2024-01-29,Vendor_N,1,31.71,10,0,72.0,31041,72.8
2024-01-29,Vendor_O,1,14.47,9,0,87.0,12118,82.3
2024-02-05,Vendor_A,1,14.5,6,2,87.0,21365,82.8
2024-02-05,Vendor_B,1,27.37,12,0,66.0,3918,66.9
2024-02-05,Vendor_C,1,58.4,11,0,50.6,22904,50.6
2024-02-05,Vendor_D,0,18.85,6,2,73.0,16614,77.5
2024-02-05,Vendor_E,1,15.14,8,0,90.0,41552,85.9
2024-02-05,Vendor_F,1,17.22,6,0,88.0,15989,79.5
2024-02-05,Vendor_G,1,4.93,6,0,95.0,22823,88.0
2024-02-05,Vendor_H,0,56.18,13,3,46.6,42943,38.3
2024-02-05,Vendor_I,0,24.27,10,0,79.0,5077,71.3
2024-02-05,Vendor_J,0,37.9,11,2,66.0,10096,68.0
2024-02-05,Vendor_K,1,36.39,10,0,72.0,13433,74.8
2024-02-05,Vendor_L,1,12.45,10,0,82.0,18255,81.7
2024-02-05,Vendor_M,1,47.35,7,3,61.0,28741,51.6
2024-02-05,Vendor_N,1,26.69,9,0,72.0,1628,70.0
2024-02-05,Vendor_O,0,17.5,9,0,87.0,34631,83.3
2024-02-12,Vendor_A,1,13.82,9,0,87.0,41268,85.7
2024-02-12,Vendor_B,1,39.54,10,0,66.0,41398,58.2
2024-02-12,Vendor_C,1,50.66,14,1,50.3,35457,50.5
2024-02-12,Vendor_D,1,32.53,5,0,73.0,37076,64.5
2024-02-12,Vendor_E,1,5.39,5,0,90.0,45896,85.9
2024-02-12,Vendor_F,1,15.51,8,0,88.0,7893,91.0
2024-02-12,Vendor_G,1,4.27,9,0,95.0,40442,89.0
2024-02-12,Vendor_H,1,50.96,13,0,46.3,26943,44.8
2024-02-12,Vendor_I,1,18.85,5,4,79.0,24709,74.8
2024-02-12,Vendor_J,1,29.72,12,6,66.0,7809,64.7
2024-02-12,Vendor_K,1,29.08,9,0,72.0,46709,67.7
2024-02-12,Vendor_L,1,15.48,11,0,82.0,7945,75.9
2024-02-12,Vendor_M,0,39.14,14,2,61.0,31040,53.6
2024-02-12,Vendor_N,1,27.26,10,0,72.0,33644,70.2
2024-02-12,Vendor_O,1,10.19,7,0,87.0,19183,80.9
2024-02-19,Vendor_A,1,6.76,8,0,87.0,2009,86.3
2024-02-19,Vendor_B,0,29.5,9,0,66.0,37801,64.4
2024-02-19,Vendor_C,0,46.23,11,0,50.0,7190,48.8
2024-02-19,Vendor_D,0,15.6,9,2,73.0,13695,66.2
2024-02-19,Vendor_E,1,9.41,8,0,90.0,8117,92.2
2024-02-19,Vendor_F,0,4.23,7,0,88.0,3765,80.9
2024-02-19,Vendor_G,1,0.0,6,0,95.0,7919,98.7
2024-02-19,Vendor_H,1,68.27,15,0,46.0,24792,39.8
2024-02-19,Vendor_I,0,10.24,10,5,79.0,15360,72.4
2024-02-19,Vendor_J,0,32.6,9,1,66.0,43955,64.9
2024-02-19,Vendor_K,0,24.01,4,2,72.0,2789,65.2
2024-02-19,Vendor_L,1,14.93,10,0,82.0,46409,75.1
2024-02-19,Vendor_M,0,39.61,13,4,61.0,1920,53.6
2024-02-19,Vendor_N,1,29.16,10,1,72.0,9142,63.3
2024-02-19,Vendor_O,1,15.32,5,0,87.0,14484,90.4
2024-02-26,Vendor_A,1,2.45,9,0,87.0,33313,90.7
2024-02-26,Vendor_B,0,38.1,11,0,66.0,47243,57.2
2024-02-26,Vendor_C,1,49.7,13,0,49.7,41020,51.8
2024-02-26,Vendor_D,1,31.58,14,3,73.0,34747,67.9
2024-02-26,Vendor_E,0,9.87,10,1,90.0,21091,85.3
2024-02-26,Vendor_F,1,5.04,10,0,88.0,20276,79.3
2024-02-26,Vendor_G,1,10.94,8,0,95.0,44032,95.1
2024-02-26,Vendor_H,0,64.47,15,0,45.7,25558,39.9
2024-02-26,Vendor_I,1,23.53,10,0,79.0,43409,76.0
2024-02-26,Vendor_J,1,35.97,10,0,66.0,34098,65.8
2024-02-26,Vendor_K,0,23.89,6,4,72.0,36911,65.3
2024-02-26,Vendor_L,1,16.88,1,0,82.0,36433,85.5
2024-02-26,Vendor_M,1,40.88,7,0,61.0,15829,57.6
2024-02-26,Vendor_N,1,23.62,8,3,72.0,42279,73.9
2024-02-26,Vendor_O,1,12.26,7,1,87.0,37591,86.9
2024-03-04,Vendor_A,1,15.48,4,0,87.0,14064,79.7
2024-03-04,Vendor_B,1,35.61,8,6,66.0,14647,66.4
2024-03-04,Vendor_C,1,51.15,12,0,49.4,12188,44.5
2024-03-04,Vendor_D,0,31.64,8,1,73.0,42342,74.9
2024-03-04,Vendor_E,1,4.24,7,0,90.0,40743,94.8
2024-03-04,Vendor_F,1,10.42,6,1,88.0,2420,86.0
2024-03-04,Vendor_G,1,2.54,7,0,95.0,8410,89.3
2024-03-04,Vendor_H,0,62.65,17,4,45.4,24863,43.1
2024-03-04,Vendor_I,1,13.11,7,2,79.0,14260,84.0
2024-03-04,Vendor_J,0,28.15,10,0,66.0,36971,61.8
2024-03-04,Vendor_K,0,23.18,13,2,72.0,2288,67.8
2024-03-04,Vendor_L,0,22.92,10,0,82.0,46529,74.3
2024-03-04,Vendor_M,1,35.54,10,0,61.0,25502,59.7
2024-03-04,Vendor_N,1,36.88,7,0,72.0,5970,66.3
2024-03-04,Vendor_O,1,8.44,10,2,87.0,33255,77.4
2024-03-11,Vendor_A,1,14.54,8,0,87.0,41998,79.1
2024-03-11,Vendor_B,0,36.19,12,1,66.0,44510,65.9
2024-03-11,Vendor_C,1,53.37,15,0,49.1,43377,51.6
2024-03-11,Vendor_D,0,27.01,10,1,73.0,25687,68.0
2024-03-11,Vendor_E,1,9.15,8,0,90.0,12153,94.9
2024-03-11,Vendor_F,1,3.13,9,0,88.0,27017,90.0
2024-03-11,Vendor_G,1,4.2,5,0,95.0,8531,98.4
2024-03-11,Vendor_H,0,54.48,14,4,45.1,27776,42.7
2024-03-11,Vendor_I,1,31.78,9,0,79.0,37722,73.3
2024-03-11,Vendor_J,0,37.48,7,0,66.0,35210,65.1
2024-03-11,Vendor_K,1,37.97,10,0,72.0,10220,75.2
2024-03-11,Vendor_L,1,18.1,7,0,82.0,18485,86.7
2024-03-11,Vendor_M,1,42.88,10,0,61.0,6279,58.6
2024-03-11,Vendor_N,0,30.33,13,0,72.0,19669,72.2
2024-03-11,Vendor_O,1,5.64,9,2,87.0,13872,80.6
2024-03-18,Vendor_A,1,15.65,11,1,87.0,11210,86.3
2024-03-18,Vendor_B,0,37.53,9,0,66.0,42038,57.2
2024-03-18,Vendor_C,1,51.02,14,0,48.8,5003,45.6
2024-03-18,Vendor_D,1,28.13,6,2,73.0,21534,77.7
2024-03-18,Vendor_E,1,5.61,7,0,90.0,20741,93.1
2024-03-18,Vendor_F,0,7.36,4,0,88.0,42520,91.1
2024-03-18,Vendor_G,1,0.0,8,0,95.0,37828,86.3
2024-03-18,Vendor_H,1,62.59,15,0,44.8,28891,38.9
2024-03-18,Vendor_I,1,11.1,9,0,79.0,13636,78.1
2024-03-18,Vendor_J,0,27.5,10,0,66.0,10160,68.9
2024-03-18,Vendor_K,1,26.92,9,0,72.0,36155,72.2
2024-03-18,Vendor_L,1,19.23,8,0,82.0,29916,87.0
2024-03-18,Vendor_M,0,36.36,9,0,61.0,49225,61.0
2024-03-18,Vendor_N,1,35.21,11,3,72.0,13961,76.3
2024-03-18,Vendor_O,1,19.41,7,0,87.0,33154,87.2
2024-03-25,Vendor_A,1,13.38,9,0,87.0,11211,79.0
2024-03-25,Vendor_B,1,34.46,10,1,66.0,17342,65.2
2024-03-25,Vendor_C,0,54.73,14,0,48.5,49240,45.5
2024-03-25,Vendor_D,1,28.13,12,0,73.0,30368,65.4
2024-03-25,Vendor_E,1,5.15,9,0,90.0,45245,91.2
2024-03-25,Vendor_F,1,13.31,9,0,88.0,29861,90.3
2024-03-25,Vendor_G,1,2.2,8,0,95.0,36039,85.9
2024-03-25,Vendor_H,1,53.21,17,3,44.5,8002,49.4
2024-03-25,Vendor_I,1,22.07,12,2,79.0,37019,74.9
2024-03-25,Vendor_J,1,39.01,15,0,66.0,22280,67.2
2024-03-25,Vendor_K,1,25.68,11,0,72.0,41386,74.5
2024-03-25,Vendor_L,1,18.06,6,1,82.0,28341,79.5
2024-03-25,Vendor_M,1,31.64,11,0,61.0,29680,60.6
2024-03-25,Vendor_N,1,25.82,6,0,72.0,28901,66.2
2024-03-25,Vendor_O,1,9.27,9,0,87.0,26433,85.4
2024-04-01,Vendor_A,1,12.92,6,0,87.0,11330,82.4
2024-04-01,Vendor_B,1,25.0,5,0,66.0,14850,59.8
2024-04-01,Vendor_C,0,49.01,16,0,48.3,29179,46.3
2024-04-01,Vendor_D,1,35.25,8,1,73.0,37483,68.9
2024-04-01,Vendor_E,1,8.74,10,0,90.0,44722,80.0
2024-04-01,Vendor_F,1,16.27,5,0,88.0,30685,81.9
2024-04-01,Vendor_G,1,4.58,9,0,95.0,27815,86.4
2024-04-01,Vendor_H,0,54.08,15,0,44.3,31297,34.7
2024-04-01,Vendor_I,1,18.68,5,0,79.0,3024,72.9
2024-04-01,Vendor_J,1,32.69,10,0,66.0,3099,60.1
2024-04-01,Vendor_K,0,29.26,7,5,72.0,4099,68.1
2024-04-01,Vendor_L,1,17.83,11,0,82.0,28114,74.9
2024-04-01,Vendor_M,0,34.83,12,0,61.0,48388,61.1
2024-04-01,Vendor_N,1,22.63,6,2,72.0,13066,62.2
2024-04-01,Vendor_O,1,16.26,8,0,87.0,30292,78.7
2024-04-08,Vendor_A,1,7.43,7,0,87.0,3088,78.0
2024-04-08,Vendor_B,0,30.24,13,0,66.0,29005,65.7
2024-04-08,Vendor_C,1,55.42,17,4,48.0,28667,40.7
2024-04-08,Vendor_D,1,28.99,8,0,73.0,21608,76.8
2024-04-08,Vendor_E,1,0.0,7,0,90.0,33470,86.7
2024-04-08,Vendor_F,1,8.51,7,0,88.0,47505,90.2
2024-04-08,Vendor_G,1,1.82,10,0,95.0,19579,86.8
2024-04-08,Vendor_H,1,60.51,15,2,44.0,33334,35.8
2024-04-08,Vendor_I,1,16.52,10,0,79.0,43333,76.2
2024-04-08,Vendor_J,1,28.89,10,0,66.0,13737,65.5
2024-04-08,Vendor_K,0,39.62,10,4,72.0,44747,74.4
2024-04-08,Vendor_L,1,23.66,8,0,82.0,49347,83.6
2024-04-08,Vendor_M,1,30.3,9,2,61.0,36819,53.0
2024-04-08,Vendor_N,1,26.49,10,0,72.0,44975,74.5
2024-04-08,Vendor_O,1,15.27,10,0,87.0,25744,84.7
2024-04-15,Vendor_A,1,14.86,10,2,87.0,31887,81.1
2024-04-15,Vendor_B,1,31.48,12,4,66.0,25766,66.4
2024-04-15,Vendor_C,0,54.32,17,0,47.7,8934,50.8
2024-04-15,Vendor_D,1,28.97,8,0,73.0,20367,72.3
2024-04-15,Vendor_E,1,12.17,6,0,90.0,9630,93.4
2024-04-15,Vendor_F,1,15.8,12,0,88.0,12898,83.1
2024-04-15,Vendor_G,1,14.88,6,0,95.0,35617,95.3
2024-04-15,Vendor_H,0,62.12,19,0,43.7,22544,39.8
2024-04-15,Vendor_I,1,19.87,8,0,79.0,35821,81.1
2024-04-15,Vendor_J,0,40.59,10,0,66.0,6067,62.2
2024-04-15,Vendor_K,0,24.83,6,0,72.0,13815,73.8
2024-04-15,Vendor_L,1,21.36,7,0,82.0,24646,76.9
2024-04-15,Vendor_M,1,37.63,11,2,61.0,45538,64.3
2024-04-15,Vendor_N,1,32.04,14,0,72.0,1442,75.2
2024-04-15,Vendor_O,0,16.68,4,0,87.0,12832,90.6
2024-04-22,Vendor_A,1,11.65,6,0,87.0,2143,78.2
2024-04-22,Vendor_B,0,33.46,9,8,66.0,48251,61.8
2024-04-22,Vendor_C,1,55.16,18,7,47.4,10371,41.6
2024-04-22,Vendor_D,1,23.8,9,0,73.0,14486,72.9
2024-04-22,Vendor_E,1,9.19,5,0,90.0,39557,94.1
2024-04-22,Vendor_F,1,13.8,8,0,88.0,44049,85.0
2024-04-22,Vendor_G,1,4.7,9,0,95.0,37074,85.4
2024-04-22,Vendor_H,0,63.56,12,3,43.4,10325,45.2
2024-04-22,Vendor_I,1,23.44,7,0,79.0,38028,70.9
2024-04-22,Vendor_J,1,36.32,12,0,66.0,15856,66.0
2024-04-22,Vendor_K,0,31.14,8,3,72.0,17301,76.5
2024-04-22,Vendor_L,1,8.8,13,0,82.0,40901,73.2
2024-04-22,Vendor_M,0,46.15,11,0,61.0,11307,57.4
2024-04-22,Vendor_N,1,29.33,11,0,72.0,24900,66.3
2024-04-22,Vendor_O,1,16.51,8,0,87.0,25968,84.4
2024-04-29,Vendor_A,0,13.05,6,0,87.0,29076,78.6
2024-04-29,Vendor_B,0,37.36,11,2,66.0,17857,63.2
2024-04-29,Vendor_C,0,55.03,16,7,47.1,23260,51.7
2024-04-29,Vendor_D,1,17.62,4,4,73.0,37589,72.6
2024-04-29,Vendor_E,0,3.29,5,0,90.0,12358,85.6
2024-04-29,Vendor_F,0,3.73,7,0,88.0,19707,78.8
2024-04-29,Vendor_G,1,3.83,7,0,95.0,32485,95.3
2024-04-29,Vendor_H,0,54.92,16,5,43.1,30196,37.6
2024-04-29,Vendor_I,0,29.01,8,3,79.0,31749,74.5
2024-04-29,Vendor_J,0,38.38,8,0,66.0,25581,66.8
2024-04-29,Vendor_K,1,25.11,12,0,72.0,26879,65.0
2024-04-29,Vendor_L,1,8.54,8,0,82.0,1713,86.6
2024-04-29,Vendor_M,1,33.73,10,0,61.0,5472,51.3
2024-04-29,Vendor_N,1,33.12,11,0,72.0,6972,65.3
2024-04-29,Vendor_O,1,11.14,8,0,87.0,41980,77.8
2024-05-06,Vendor_A,1,11.65,4,0,87.0,42812,88.9
2024-05-06,Vendor_B,1,31.99,4,2,66.0,11736,58.5
2024-05-06,Vendor_C,0,46.31,16,3,46.8,28202,40.3
2024-05-06,Vendor_D,1,24.28,11,2,73.0,32589,73.5
2024-05-06,Vendor_E,1,8.46,6,1,90.0,49062,91.4
2024-05-06,Vendor_F,1,13.16,10,0,88.0,23948,80.3
2024-05-06,Vendor_G,1,5.49,4,0,95.0,32220,96.7
2024-05-06,Vendor_H,1,60.75,19,0,42.8,29527,36.9
2024-05-06,Vendor_I,1,18.37,8,0,79.0,14003,77.5
2024-05-06,Vendor_J,1,38.89,10,0,66.0,5325,70.0
2024-05-06,Vendor_K,1,31.1,9,0,72.0,48125,74.3
2024-05-06,Vendor_L,1,17.68,6,0,82.0,32574,77.1
2024-05-06,Vendor_M,0,43.98,9,0,61.0,49060,62.2
2024-05-06,Vendor_N,1,28.25,8,0,72.0,14772,72.2
2024-05-06,Vendor_O,1,14.6,3,0,87.0,4100,82.6
2024-05-13,Vendor_A,1,7.15,8,0,87.0,1187,85.0
2024-05-13,Vendor_B,1,31.24,13,1,66.0,47061,59.9
2024-05-13,Vendor_C,1,57.99,15,3,46.5,21160,41.1
2024-05-13,Vendor_D,1,29.09,10,2,73.0,3494,71.4
2024-05-13,Vendor_E,1,10.78,12,0,90.0,16984,90.0
2024-05-13,Vendor_F,0,6.3,7,0,88.0,37016,89.8
2024-05-13,Vendor_G,1,5.22,8,0,95.0,43046,94.1
2024-05-13,Vendor_H,1,50.67,19,0,42.5,24108,33.2
2024-05-13,Vendor_I,1,18.02,7,1,79.0,42753,78.1
2024-05-13,Vendor_J,1,32.66,9,0,66.0,11855,65.4
2024-05-13,Vendor_K,1,19.03,8,0,72.0,29542,72.4
2024-05-13,Vendor_L,1,16.65,9,0,82.0,23521,85.9
2024-05-13,Vendor_M,1,45.28,13,0,61.0,24052,59.5
2024-05-13,Vendor_N,1,28.1,9,0,72.0,43912,66.3
2024-05-13,Vendor_O,1,6.91,7,0,87.0,41471,87.1
2024-05-20,Vendor_A,1,15.56,8,0,87.0,28109,80.2
2024-05-20,Vendor_B,1,36.59,10,2,66.0,16176,70.4
2024-05-20,Vendor_C,1,59.09,14,6,46.2,22044,46.1
2024-05-20,Vendor_D,1,22.55,7,1,73.0,3267,72.7
2024-05-20,Vendor_E,1,8.16,8,1,90.0,28107,86.5
2024-05-20,Vendor_F,1,13.97,8,0,88.0,2774,90.6
2024-05-20,Vendor_G,1,0.0,7,0,95.0,45434,89.6
2024-05-20,Vendor_H,1,56.14,17,8,42.2,37483,35.2
2024-05-20,Vendor_I,1,28.01,9,0,79.0,19378,80.2
2024-05-20,Vendor_J,0,26.41,9,0,66.0,15192,56.0
2024-05-20,Vendor_K,1,23.74,10,5,72.0,12128,67.0
2024-05-20,Vendor_L,1,25.59,9,1,82.0,49660,76.3
2024-05-20,Vendor_M,1,35.36,14,0,61.0,49629,63.6
2024-05-20,Vendor_N,0,32.56,10,0,72.0,5788,73.6
2024-05-20,Vendor_O,1,11.96,5,0,87.0,15247,84.3
2024-05-27,Vendor_A,0,5.04,9,1,87.0,13175,90.9
2024-05-27,Vendor_B,0,23.19,14,0,66.0,9301,66.0
2024-05-27,Vendor_C,0,55.49,12,7,46.0,36562,38.0
2024-05-27,Vendor_D,1,28.0,11,3,73.0,42048,76.6
2024-05-27,Vendor_E,1,16.67,6,0,90.0,45885,88.3
2024-05-27,Vendor_F,1,8.94,9,0,88.0,20989,81.6
2024-05-27,Vendor_G,1,10.35,9,0,95.0,16924,87.6
2024-05-27,Vendor_H,0,64.79,18,0,42.0,6999,43.5
2024-05-27,Vendor_I,1,22.75,8,1,79.0,10234,70.2
2024-05-27,Vendor_J,1,32.14,11,0,66.0,7084,64.6
2024-05-27,Vendor_K,0,25.84,10,7,72.0,2499,71.5
2024-05-27,Vendor_L,1,14.57,8,0,82.0,24774,74.8
2024-05-27,Vendor_M,0,36.18,13,2,61.0,37676,60.3
2024-05-27,Vendor_N,1,27.97,11,2,72.0,10681,69.9
2024-05-27,Vendor_O,1,12.19,4,1,87.0,32415,84.6
2024-06-03,Vendor_A,1,13.85,8,0,87.0,23180,90.9
2024-06-03,Vendor_B,1,37.72,11,0,66.0,27147,64.3
2024-06-03,Vendor_C,0,48.2,17,3,45.7,11212,49.0
2024-06-03,Vendor_D,1,28.28,4,0,73.0,41961,65.4
2024-06-03,Vendor_E,1,8.79,6,0,90.0,3361,87.7
2024-06-03,Vendor_F,1,15.57,8,1,88.0,42210,82.8
2024-06-03,Vendor_G,1,0.0,6,0,95.0,38095,97.1
2024-06-03,Vendor_H,0,55.22,18,0,41.7,11634,42.0
2024-06-03,Vendor_I,1,27.49,6,4,79.0,1557,75.9
2024-06-03,Vendor_J,1,44.15,10,3,66.0,27749,62.6
2024-06-03,Vendor_K,1,26.0,11,0,72.0,23362,67.7
2024-06-03,Vendor_L,1,11.57,1,0,82.0,29978,82.7
2024-06-03,Vendor_M,1,40.4,14,0,61.0,11675,54.2
2024-06-03,Vendor_N,1,33.01,8,0,72.0,14710,70.2
2024-06-03,Vendor_O,0,18.27,3,0,87.0,43925,84.1
2024-06-10,Vendor_A,0,11.0,10,0,87.0,37887,84.1
2024-06-10,Vendor_B,0,36.58,12,0,66.0,18942,57.3
2024-06-10,Vendor_C,0,53.92,14,5,45.4,44458,42.0
2024-06-10,Vendor_D,0,30.38,9,0,73.0,42295,75.6
2024-06-10,Vendor_E,1,15.19,7,0,90.0,33399,80.1
2024-06-10,Vendor_F,1,4.34,8,0,88.0,29134,79.6
2024-06-10,Vendor_G,1,14.3,5,0,95.0,3387,89.3
2024-06-10,Vendor_H,0,59.41,15,0,41.4,36761,35.8
2024-06-10,Vendor_I,1,21.95,7,0,79.0,8441,70.0
2024-06-10,Vendor_J,1,33.39,11,5,66.0,21449,60.1
2024-06-10,Vendor_K,0,25.27,8,0,72.0,18479,62.4
2024-06-10,Vendor_L,1,17.02,9,0,82.0,47240,73.3
2024-06-10,Vendor_M,0,41.08,11,0,61.0,33626,55.2
2024-06-10,Vendor_N,1,29.56,9,0,72.0,6947,70.9
2024-06-10,Vendor_O,1,10.17,6,0,87.0,26331,77.4
2024-06-17,Vendor_A,0,11.85,11,1,87.0,49559,77.9
2024-06-17,Vendor_B,1,36.73,10,0,66.0,43648,61.3
2024-06-17,Vendor_C,1,50.87,14,0,45.1,8348,40.9
2024-06-17,Vendor_D,1,26.83,10,0,73.0,49589,77.0
2024-06-17,Vendor_E,1,15.8,7,0,90.0,49213,87.1
2024-06-17,Vendor_F,1,13.72,8,1,88.0,42163,84.2
2024-06-17,Vendor_G,1,9.02,4,0,95.0,36001,96.5
2024-06-17,Vendor_H,0,58.83,21,0,41.1,2061,39.4
2024-06-17,Vendor_I,1,16.09,9,1,79.0,24453,69.6
2024-06-17,Vendor_J,0,33.63,10,3,66.0,9888,70.9
2024-06-17,Vendor_K,1,23.73,9,0,72.0,30256,72.7
2024-06-17,Vendor_L,0,23.47,9,0,82.0,34004,77.4
2024-06-17,Vendor_M,1,34.18,15,4,61.0,25743,63.1
2024-06-17,Vendor_N,1,32.21,9,4,72.0,46930,65.0
2024-06-17,Vendor_O,1,7.48,9,0,87.0,23415,85.1
2024-06-24,Vendor_A,1,11.76,9,0,87.0,38852,80.2
2024-06-24,Vendor_B,0,31.83,9,0,66.0,8722,62.6
2024-06-24,Vendor_C,1,59.01,13,10,44.8,3116,43.7
2024-06-24,Vendor_D,1,25.56,12,0,73.0,41906,77.7
2024-06-24,Vendor_E,1,13.66,9,1,90.0,20791,92.3
2024-06-24,Vendor_F,1,4.36,6,0,88.0,1725,78.8
2024-06-24,Vendor_G,1,5.74,7,0,95.0,41868,99.3
2024-06-24,Vendor_H,1,66.95,22,0,40.8,18976,43.1
2024-06-24,Vendor_I,1,23.27,8,2,79.0,4701,71.4
2024-06-24,Vendor_J,1,38.15,8,0,66.0,42074,66.2
2024-06-24,Vendor_K,1,22.95,15,1,72.0,37794,71.9
2024-06-24,Vendor_L,1,15.02,7,1,82.0,17138,73.3
2024-06-24,Vendor_M,1,43.52,13,0,61.0,16159,63.1
2024-06-24,Vendor_N,1,29.53,9,0,72.0,19067,67.8
2024-06-24,Vendor_O,1,8.37,8,0,87.0,15073,78.4
2024-07-01,Vendor_A,1,15.77,9,1,87.0,34312,89.7
2024-07-01,Vendor_B,1,30.12,11,2,66.0,36950,65.9
2024-07-01,Vendor_C,0,53.92,15,0,44.5,5823,46.2
2024-07-01,Vendor_D,0,37.54,9,1,73.0,36115,63.0
2024-07-01,Vendor_E,1,8.68,6,0,90.0,37159,89.0
2024-07-01,Vendor_F,1,17.5,9,0,88.0,18135,83.3
2024-07-01,Vendor_G,1,0.5,7,0,95.0,38532,93.8
2024-07-01,Vendor_H,0,58.37,14,1,40.5,31171,44.9
2024-07-01,Vendor_I,1,22.19,11,0,79.0,34010,69.9
2024-07-01,Vendor_J,0,32.33,7,3,66.0,24378,60.6
2024-07-01,Vendor_K,1,32.46,9,0,72.0,36455,68.3
2024-07-01,Vendor_L,1,11.93,7,1,82.0,40548,79.3
2024-07-01,Vendor_M,0,40.45,8,1,61.0,48094,64.3
2024-07-01,Vendor_N,0,23.8,8,2,72.0,25062,74.0
2024-07-01,Vendor_O,0,16.83,10,0,87.0,25807,88.3
2024-07-08,Vendor_A,1,17.42,6,0,87.0,40696,80.8
2024-07-08,Vendor_B,1,32.37,10,0,66.0,18540,64.5
2024-07-08,Vendor_C,1,54.64,18,0,44.2,1648,49.2
2024-07-08,Vendor_D,1,20.35,7,7,73.0,38663,67.4
2024-07-08,Vendor_E,1,12.32,7,0,90.0,21024,92.3
2024-07-08,Vendor_F,1,13.14,6,0,88.0,5078,83.4
2024-07-08,Vendor_G,1,4.21,5,0,95.0,45580,90.2
2024-07-08,Vendor_H,1,61.53,15,15,40.2,33326,43.7
2024-07-08,Vendor_I,1,24.77,6,0,79.0,33217,70.4
2024-07-08,Vendor_J,0,30.56,11,1,66.0,10000,59.4
2024-07-08,Vendor_K,0,27.45,8,0,72.0,13677,72.0
2024-07-08,Vendor_L,1,15.99,6,0,82.0,35913,85.0
2024-07-08,Vendor_M,0,45.65,9,2,61.0,24913,61.5
2024-07-08,Vendor_N,1,31.82,7,0,72.0,44162,70.2
2024-07-08,Vendor_O,0,18.34,6,0,87.0,4074,79.5
2024-07-15,Vendor_A,1,23.2,10,0,87.0,48607,90.3
2024-07-15,Vendor_B,0,38.2,10,3,66.0,43692,61.3
2024-07-15,Vendor_C,1,45.82,15,0,43.9,9448,41.2
2024-07-15,Vendor_D,0,27.81,9,3,73.0,15859,76.1
2024-07-15,Vendor_E,1,13.56,6,0,90.0,41101,90.9
2024-07-15,Vendor_F,1,13.9,6,0,88.0,26053,88.0
2024-07-15,Vendor_G,1,11.58,5,0,95.0,5800,99.0
2024-07-15,Vendor_H,0,58.52,23,3,39.9,39815,32.3
2024-07-15,Vendor_I,0,26.66,10,1,79.0,2799,78.8
2024-07-15,Vendor_J,1,36.37,11,0,66.0,28744,70.5
2024-07-15,Vendor_K,1,29.79,9,1,72.0,37312,73.8
2024-07-15,Vendor_L,1,17.65,10,1,82.0,28503,76.6
2024-07-15,Vendor_M,1,24.44,10,0,61.0,41808,55.7
2024-07-15,Vendor_N,0,29.19,9,3,72.0,41745,73.8
2024-07-15,Vendor_O,1,14.04,7,1,87.0,32087,78.7
2024-07-22,Vendor_A,1,11.41,7,0,87.0,35752,86.4
2024-07-22,Vendor_B,1,42.06,12,1,66.0,19075,63.1
2024-07-22,Vendor_C,0,70.1,14,0,43.7,20757,43.6
2024-07-22,Vendor_D,1,27.73,12,0,73.0,46364,73.6
2024-07-22,Vendor_E,1,18.77,4,0,90.0,9188,93.6
2024-07-22,Vendor_F,0,12.87,6,0,88.0,22762,78.4
2024-07-22,Vendor_G,1,8.98,10,0,95.0,4107,87.5
2024-07-22,Vendor_H,0,61.24,17,0,39.7,1030,36.4
2024-07-22,Vendor_I,1,19.42,6,3,79.0,24198,83.9
2024-07-22,Vendor_J,1,39.8,10,0,66.0,17920,66.4
2024-07-22,Vendor_K,1,24.95,4,0,72.0,28045,70.2
2024-07-22,Vendor_L,1,21.9,8,0,82.0,4365,75.8
2024-07-22,Vendor_M,1,39.67,9,0,61.0,41378,62.0
2024-07-22,Vendor_N,0,27.17,11,3,72.0,31364,67.4
2024-07-22,Vendor_O,1,11.85,5,0,87.0,27899,82.2
2024-07-29,Vendor_A,1,23.06,6,1,87.0,41345,87.9
2024-07-29,Vendor_B,1,40.68,9,0,66.0,16913,58.4
2024-07-29,Vendor_C,0,59.5,16,3,43.4,20549,45.3
2024-07-29,Vendor_D,1,37.37,9,0,73.0,5487,76.5
2024-07-29,Vendor_E,1,10.33,8,1,90.0,14735,85.7
2024-07-29,Vendor_F,1,11.02,7,0,88.0,20623,85.0
2024-07-29,Vendor_G,1,7.74,14,0,95.0,35265,85.8
2024-07-29,Vendor_H,1,62.89,16,0,39.4,10030,39.3
2024-07-29,Vendor_I,1,23.17,8,0,79.0,35847,71.8
2024-07-29,Vendor_J,0,42.05,11,0,66.0,29380,67.6
2024-07-29,Vendor_K,1,25.89,10,1,72.0,11309,63.2
2024-07-29,Vendor_L,0,20.01,10,2,82.0,13048,81.3
2024-07-29,Vendor_M,1,49.03,9,0,61.0,37895,64.7
2024-07-29,Vendor_N,0,29.81,8,0,72.0,22337,62.8
2024-07-29,Vendor_O,1,15.38,9,1,87.0,37484,80.9
2024-08-05,Vendor_A,1,12.04,8,0,87.0,39967,89.0
2024-08-05,Vendor_B,1,34.09,8,0,66.0,49275,69.5
2024-08-05,Vendor_C,1,60.25,14,0,43.1,40775,34.3
2024-08-05,Vendor_D,0,26.84,12,0,73.0,6291,74.4
2024-08-05,Vendor_E,0,8.56,9,0,90.0,20602,83.2
2024-08-05,Vendor_F,1,10.93,5,0,88.0,11430,91.5
2024-08-05,Vendor_G,1,2.99,5,0,95.0,14916,96.0
2024-08-05,Vendor_H,1,60.62,22,4,39.1,26343,38.6
2024-08-05,Vendor_I,1,26.05,10,0,79.0,11848,79.4
2024-08-05,Vendor_J,1,35.55,12,2,66.0,8049,58.0
2024-08-05,Vendor_K,1,28.97,10,6,72.0,36179,66.6
2024-08-05,Vendor_L,1,22.2,7,0,82.0,42060,79.8
2024-08-05,Vendor_M,1,33.73,16,6,61.0,18844,52.7
2024-08-05,Vendor_N,0,28.42,14,1,72.0,7794,65.4
2024-08-05,Vendor_O,1,10.85,9,0,87.0,38611,84.6
2024-08-12,Vendor_A,1,17.19,5,0,87.0,2874,86.9
2024-08-12,Vendor_B,1,41.44,13,4,66.0,21058,62.4
2024-08-12,Vendor_C,0,68.3,17,2,42.8,33432,44.0
2024-08-12,Vendor_D,1,22.43,8,0,73.0,46147,76.1
2024-08-12,Vendor_E,0,8.39,3,1,90.0,27532,87.3
2024-08-12,Vendor_F,1,13.94,3,0,88.0,41995,90.7
2024-08-12,Vendor_G,1,14.84,7,0,95.0,26037,93.1
2024-08-12,Vendor_H,0,52.28,14,3,38.8,6453,33.2
2024-08-12,Vendor_I,1,18.83,8,0,79.0,7348,71.3
2024-08-12,Vendor_J,0,33.3,8,1,66.0,20079,69.0
2024-08-12,Vendor_K,0,20.89,8,2,72.0,24270,69.6
2024-08-12,Vendor_L,1,19.88,9,3,82.0,29230,80.2
2024-08-12,Vendor_M,1,38.7,11,0,61.0,42006,61.7
2024-08-12,Vendor_N,1,25.78,7,0,72.0,22863,76.0
2024-08-12,Vendor_O,1,14.78,8,0,87.0,45200,82.8
2024-08-19,Vendor_A,1,17.63,8,0,87.0,24053,86.2
2024-08-19,Vendor_B,1,29.37,7,4,66.0,47234,65.9
2024-08-19,Vendor_C,1,54.0,14,0,42.5,13827,41.2
2024-08-19,Vendor_D,1,25.61,12,0,73.0,36253,74.1
2024-08-19,Vendor_E,1,23.17,7,2,90.0,47123,90.6
2024-08-19,Vendor_F,1,16.47,8,1,88.0,1400,88.4
2024-08-19,Vendor_G,1,10.61,8,1,95.0,5779,95.1
2024-08-19,Vendor_H,1,59.0,16,0,38.5,15741,32.9
2024-08-19,Vendor_I,1,29.76,11,0,79.0,6753,76.4
2024-08-19,Vendor_J,0,22.23,10,0,66.0,12620,64.5
2024-08-19,Vendor_K,1,25.53,7,0,72.0,30106,72.8
2024-08-19,Vendor_L,1,27.42,7,2,82.0,36942,84.6
2024-08-19,Vendor_M,0,37.89,9,1,61.0,35315,65.3
2024-08-19,Vendor_N,1,26.04,9,0,72.0,29960,75.6
2024-08-19,Vendor_O,1,8.94,4,0,87.0,10834,83.9
2024-08-26,Vendor_A,1,17.82,6,0,87.0,34345,82.9
2024-08-26,Vendor_B,0,41.53,10,0,66.0,48389,56.3
2024-08-26,Vendor_C,0,58.06,15,0,42.2,14932,44.6
2024-08-26,Vendor_D,1,22.05,10,2,73.0,21214,72.3
2024-08-26,Vendor_E,1,14.03,7,1,90.0,28666,92.1
2024-08-26,Vendor_F,0,13.54,8,0,88.0,15303,80.2
2024-08-26,Vendor_G,1,0.91,4,0,95.0,6883,86.6
2024-08-26,Vendor_H,0,62.26,16,1,38.2,44238,35.9
2024-08-26,Vendor_I,0,13.88,6,0,79.0,10316,73.4
2024-08-26,Vendor_J,0,36.7,13,0,66.0,42702,61.8
2024-08-26,Vendor_K,1,34.61,9,0,72.0,11735,69.9
2024-08-26,Vendor_L,1,17.68,8,0,82.0,37465,78.8
2024-08-26,Vendor_M,0,42.7,9,0,61.0,32952,55.5
2024-08-26,Vendor_N,1,36.35,10,0,72.0,23474,70.9
2024-08-26,Vendor_O,1,18.84,7,0,87.0,38422,88.2
2024-09-02,Vendor_A,1,17.08,10,0,87.0,29551,88.9
2024-09-02,Vendor_B,1,30.32,8,0,66.0,49053,68.4
2024-09-02,Vendor_C,0,53.46,18,1,41.9,37730,42.8
2024-09-02,Vendor_D,1,31.45,11,1,73.0,8873,75.8
2024-09-02,Vendor_E,1,8.32,7,0,90.0,8541,81.6
2024-09-02,Vendor_F,1,5.18,9,0,88.0,20152,82.2
2024-09-02,Vendor_G,1,0.0,8,0,95.0,42248,87.6
2024-09-02,Vendor_H,1,51.77,15,0,37.9,22368,41.6
2024-09-02,Vendor_I,0,22.05,10,1,79.0,3304,76.7
2024-09-02,Vendor_J,0,37.01,10,5,66.0,25268,59.7
2024-09-02,Vendor_K,0,31.5,10,1,72.0,14722,62.5
2024-09-02,Vendor_L,1,16.0,8,0,82.0,30013,74.6
2024-09-02,Vendor_M,1,37.07,14,0,61.0,31608,65.6
2024-09-02,Vendor_N,1,28.53,11,1,72.0,38465,65.0
2024-09-02,Vendor_O,1,9.07,8,0,87.0,13327,83.5
2024-09-09,Vendor_A,0,13.92,6,1,87.0,23546,87.9
2024-09-09,Vendor_B,1,31.45,8,0,66.0,35624,63.5
2024-09-09,Vendor_C,0,60.18,14,0,41.6,44789,43.4
2024-09-09,Vendor_D,1,27.53,12,0,73.0,29455,71.5
2024-09-09,Vendor_E,0,13.08,7,0,90.0,45283,91.5
2024-09-09,Vendor_F,1,8.59,7,0,88.0,38613,89.2
2024-09-09,Vendor_G,1,2.32,10,0,95.0,10893,93.1
2024-09-09,Vendor_H,0,63.35,18,7,37.6,26059,33.1
2024-09-09,Vendor_I,1,27.68,6,0,79.0,43623,76.8
2024-09-09,Vendor_J,1,37.17,12,0,66.0,25238,59.7
2024-09-09,Vendor_K,1,24.29,9,4,72.0,12161,67.4
2024-09-09,Vendor_L,1,18.21,6,0,82.0,12552,85.6
2024-09-09,Vendor_M,0,42.91,11,4,61.0,11945,59.4
2024-09-09,Vendor_N,1,32.33,9,0,72.0,30767,67.5
2024-09-09,Vendor_O,1,3.79,10,0,87.0,7336,89.9
2024-09-16,Vendor_A,1,11.0,6,0,87.0,35743,86.5
2024-09-16,Vendor_B,1,28.36,8,0,66.0,11649,61.5
2024-09-16,Vendor_C,1,55.51,17,0,41.4,3748,42.9
2024-09-16,Vendor_D,0,34.98,10,1,73.0,16593,66.3
2024-09-16,Vendor_E,1,6.98,12,0,90.0,34875,91.0
2024-09-16,Vendor_F,1,8.43,9,0,88.0,9214,89.9
2024-09-16,Vendor_G,1,0.91,11,0,95.0,26072,87.6
2024-09-16,Vendor_H,1,62.66,23,5,37.4,39184,30.4
2024-09-16,Vendor_I,1,20.94,13,1,79.0,49979,69.0
2024-09-16,Vendor_J,1,37.08,9,0,66.0,48314,56.8
2024-09-16,Vendor_K,1,25.95,12,0,72.0,6390,64.0
2024-09-16,Vendor_L,1,24.83,6,0,82.0,2465,78.1
2024-09-16,Vendor_M,0,37.52,10,2,61.0,19596,62.2
2024-09-16,Vendor_N,1,27.97,8,0,72.0,11362,72.4
2024-09-16,Vendor_O,1,9.52,6,0,87.0,43406,88.9
2024-09-23,Vendor_A,0,10.75,9,0,87.0,21252,85.7
2024-09-23,Vendor_B,1,43.08,15,0,66.0,13286,64.9
2024-09-23,Vendor_C,1,54.76,19,1,41.1,47698,42.0
2024-09-23,Vendor_D,1,32.68,10,0,73.0,11230,69.1
2024-09-23,Vendor_E,1,9.06,8,0,90.0,45897,89.7
2024-09-23,Vendor_F,1,18.1,5,1,88.0,33911,84.0
2024-09-23,Vendor_G,1,0.0,7,0,95.0,17838,85.1
2024-09-23,Vendor_H,0,55.35,14,0,37.1,40872,29.1
2024-09-23,Vendor_I,1,21.23,7,0,79.0,22631,73.7
2024-09-23,Vendor_J,0,40.76,8,2,66.0,44107,70.6
2024-09-23,Vendor_K,1,23.56,7,0,72.0,19163,69.8
2024-09-23,Vendor_L,1,21.1,5,0,82.0,32383,86.8
2024-09-23,Vendor_M,1,34.2,9,1,61.0,27585,60.4
2024-09-23,Vendor_N,1,38.87,7,2,72.0,33401,75.0
2024-09-23,Vendor_O,1,11.44,7,1,87.0,10914,89.4
2024-09-30,Vendor_A,1,8.78,5,0,87.0,32840,81.6
2024-09-30,Vendor_B,1,41.97,12,0,66.0,5917,58.6
2024-09-30,Vendor_C,0,56.14,19,9,40.8,29460,31.7
2024-09-30,Vendor_D,0,28.14,8,4,73.0,2171,73.2
2024-09-30,Vendor_E,1,9.63,6,0,90.0,36115,88.8
2024-09-30,Vendor_F,1,6.02,13,1,88.0,48839,88.7
2024-09-30,Vendor_G,1,1.72,10,0,95.0,49786,96.3
2024-09-30,Vendor_H,0,65.59,17,0,36.8,43889,38.7
2024-09-30,Vendor_I,1,20.79,4,0,79.0,12074,70.1
2024-09-30,Vendor_J,0,34.02,13,0,66.0,15742,59.8
2024-09-30,Vendor_K,0,32.06,5,3,72.0,22235,75.7
2024-09-30,Vendor_L,1,13.5,8,0,82.0,35778,79.9
2024-09-30,Vendor_M,1,40.05,11,0,61.0,42633,64.7
2024-09-30,Vendor_N,0,23.55,11,0,72.0,13149,77.0
2024-09-30,Vendor_O,1,12.48,5,1,87.0,24641,78.9
2024-10-07,Vendor_A,1,6.4,9,0,87.0,29445,78.0
2024-10-07,Vendor_B,1,39.07,10,0,66.0,22532,68.9
2024-10-07,Vendor_C,0,67.51,17,0,40.5,34923,37.9
2024-10-07,Vendor_D,1,31.55,6,0,73.0,1134,71.4
2024-10-07,Vendor_E,1,15.79,6,0,90.0,39719,92.5
2024-10-07,Vendor_F,1,12.23,5,0,88.0,20232,88.6
2024-10-07,Vendor_G,1,2.95,5,0,95.0,20259,95.4
2024-10-07,Vendor_H,0,54.84,19,0,36.5,13222,35.5
2024-10-07,Vendor_I,1,20.83,8,0,79.0,41571,71.3
2024-10-07,Vendor_J,1,26.39,15,0,66.0,22736,59.0
2024-10-07,Vendor_K,0,37.12,12,0,72.0,16429,69.8
2024-10-07,Vendor_L,1,18.9,8,3,82.0,3547,82.6
2024-10-07,Vendor_M,1,43.15,9,1,61.0,12828,55.9
2024-10-07,Vendor_N,0,32.02,7,1,72.0,34901,75.8
2024-10-07,Vendor_O,1,19.73,6,0,87.0,35785,81.2
2024-10-14,Vendor_A,1,18.8,7,0,87.0,5785,87.3
2024-10-14,Vendor_B,1,38.41,11,0,66.0,26726,65.8
2024-10-14,Vendor_C,1,65.42,19,0,40.2,17595,41.9
2024-10-14,Vendor_D,1,36.87,12,0,73.0,24160,68.1
2024-10-14,Vendor_E,1,4.85,3,0,90.0,48949,87.2
2024-10-14,Vendor_F,1,5.94,6,1,88.0,22589,85.4
2024-10-14,Vendor_G,1,0.0,7,0,95.0,49804,90.3
2024-10-14,Vendor_H,1,63.38,19,0,36.2,25381,35.6
2024-10-14,Vendor_I,1,16.95,11,0,79.0,10886,71.3
2024-10-14,Vendor_J,0,42.33,7,0,66.0,36431,57.5
2024-10-14,Vendor_K,1,23.24,11,0,72.0,13531,68.4
2024-10-14,Vendor_L,1,19.73,8,0,82.0,15966,74.8
2024-10-14,Vendor_M,1,45.37,13,0,61.0,12588,62.2
2024-10-14,Vendor_N,1,26.62,13,0,72.0,26055,73.5
2024-10-14,Vendor_O,1,5.46,5,1,87.0,36660,78.8
2024-10-21,Vendor_A,1,16.51,6,0,87.0,4714,90.0
2024-10-21,Vendor_B,0,42.0,13,5,66.0,31885,57.5
2024-10-21,Vendor_C,0,62.86,17,0,39.9,6819,36.8
2024-10-21,Vendor_D,0,26.91,7,0,73.0,41259,68.6
2024-10-21,Vendor_E,0,16.38,4,0,90.0,49393,90.5
2024-10-21,Vendor_F,1,16.15,7,0,88.0,37723,84.6
2024-10-21,Vendor_G,0,4.69,6,0,95.0,9685,95.9
2024-10-21,Vendor_H,0,67.51,16,0,35.9,39458,33.2
2024-10-21,Vendor_I,1,19.95,8,0,79.0,32598,83.5
2024-10-21,Vendor_J,1,31.39,10,1,66.0,24777,67.6
2024-10-21,Vendor_K,1,37.23,11,1,72.0,29010,76.1
2024-10-21,Vendor_L,1,24.36,7,2,82.0,46755,75.5
2024-10-21,Vendor_M,1,44.6,10,7,61.0,9530,58.3
2024-10-21,Vendor_N,1,30.23,14,0,72.0,13676,67.8
2024-10-21,Vendor_O,1,10.19,6,0,87.0,13839,90.4
2024-10-28,Vendor_A,1,10.14,10,0,87.0,37698,80.9
2024-10-28,Vendor_B,1,25.93,11,0,66.0,7231,70.3
2024-10-28,Vendor_C,1,58.03,18,0,39.6,13437,36.7
2024-10-28,Vendor_D,0,30.17,10,0,73.0,43460,75.6
2024-10-28,Vendor_E,0,3.51,12,0,90.0,38640,94.5
2024-10-28,Vendor_F,1,11.36,5,0,88.0,33856,81.0
2024-10-28,Vendor_G,1,5.69,7,0,95.0,42540,89.7
2024-10-28,Vendor_H,0,69.91,18,5,35.6,14456,37.8
2024-10-28,Vendor_I,1,28.82,11,0,79.0,1591,83.3
2024-10-28,Vendor_J,1,26.05,11,2,66.0,5612,58.7
2024-10-28,Vendor_K,1,24.15,9,0,72.0,14395,70.6
2024-10-28,Vendor_L,1,24.94,12,2,82.0,20595,77.7
2024-10-28,Vendor_M,1,38.57,13,2,61.0,27651,51.7
2024-10-28,Vendor_N,1,27.63,13,0,72.0,1029,72.2
2024-10-28,Vendor_O,1,16.02,9,0,87.0,2299,91.6
2024-11-04,Vendor_A,1,15.8,9,0,87.0,16425,84.6
2024-11-04,Vendor_B,1,36.36,10,2,66.0,30866,64.1
2024-11-04,Vendor_C,0,59.51,17,0,39.3,2350,41.3
2024-11-04,Vendor_D,1,32.92,6,0,73.0,7119,66.9
2024-11-04,Vendor_E,1,21.38,8,0,90.0,6091,87.5
2024-11-04,Vendor_F,1,15.97,6,0,88.0,6742,84.4
2024-11-04,Vendor_G,1,6.77,5,0,95.0,45824,94.2
2024-11-04,Vendor_H,0,66.3,20,0,35.3,49544,28.8
2024-11-04,Vendor_I,0,21.13,9,0,79.0,24252,82.6
2024-11-04,Vendor_J,0,26.4,8,2,66.0,11920,67.9
2024-11-04,Vendor_K,1,18.01,11,1,72.0,35451,70.8
2024-11-04,Vendor_L,1,16.71,5,0,82.0,44353,79.3
2024-11-04,Vendor_M,0,42.91,13,0,61.0,3585,56.9
2024-11-04,Vendor_N,1,33.71,11,0,72.0,43168,74.7
2024-11-04,Vendor_O,0,9.31,6,2,87.0,20013,85.9
2024-11-11,Vendor_A,0,13.89,10,0,87.0,21722,85.3
2024-11-11,Vendor_B,0,31.74,11,7,66.0,38805,57.8
2024-11-11,Vendor_C,1,57.72,19,1,39.1,16280,42.3
2024-11-11,Vendor_D,1,19.75,6,0,73.0,40412,72.1
2024-11-11,Vendor_E,1,11.74,9,0,90.0,43402,89.8
2024-11-11,Vendor_F,1,15.26,7,0,88.0,17387,92.8
2024-11-11,Vendor_G,1,7.94,10,0,95.0,44128,89.6
2024-11-11,Vendor_H,0,58.16,19,5,35.1,28710,25.4
2024-11-11,Vendor_I,1,25.43,10,0,79.0,11606,73.1
2024-11-11,Vendor_J,1,27.16,11,0,66.0,27610,63.5
2024-11-11,Vendor_K,1,31.47,11,0,72.0,41223,65.8
2024-11-11,Vendor_L,1,17.44,8,0,82.0,14505,82.0
2024-11-11,Vendor_M,1,32.09,11,0,61.0,23820,54.9
2024-11-11,Vendor_N,0,34.81,8,2,72.0,44575,68.2
2024-11-11,Vendor_O,0,7.26,5,0,87.0,38152,82.6
2024-11-18,Vendor_A,0,8.3,5,2,87.0,41586,90.6
2024-11-18,Vendor_B,1,31.74,15,0,66.0,11234,67.7
2024-11-18,Vendor_C,1,52.69,20,0,38.8,24299,31.5
2024-11-18,Vendor_D,1,27.69,6,0,73.0,11767,74.2
2024-11-18,Vendor_E,1,3.14,7,0,90.0,25019,81.8
2024-11-18,Vendor_F,1,13.15,9,0,88.0,40924,78.1
2024-11-18,Vendor_G,1,7.26,7,0,95.0,8617,85.7
2024-11-18,Vendor_H,0,67.35,19,0,35.0,11511,32.7
2024-11-18,Vendor_I,1,22.99,6,3,79.0,33385,72.5
2024-11-18,Vendor_J,1,32.75,10,0,66.0,33971,68.7
2024-11-18,Vendor_K,1,31.26,10,0,72.0,45577,75.6
2024-11-18,Vendor_L,1,25.24,2,2,82.0,10307,76.5
2024-11-18,Vendor_M,1,43.6,7,3,61.0,4370,55.4
2024-11-18,Vendor_N,1,33.29,10,0,72.0,32296,67.2
2024-11-18,Vendor_O,1,16.41,10,0,87.0,39880,82.9
2024-11-25,Vendor_A,1,15.21,7,1,87.0,8206,83.7
2024-11-25,Vendor_B,0,32.43,9,0,66.0,28212,66.6
2024-11-25,Vendor_C,1,54.81,17,2,38.5,16260,37.6
2024-11-25,Vendor_D,1,31.35,10,0,73.0,14850,76.6
2024-11-25,Vendor_E,1,16.76,10,0,90.0,46784,90.7
2024-11-25,Vendor_F,1,8.24,6,0,88.0,27392,90.5
2024-11-25,Vendor_G,1,6.39,6,0,95.0,31520,93.7
2024-11-25,Vendor_H,1,70.12,20,0,35.0,38904,34.3
2024-11-25,Vendor_I,1,22.46,9,0,79.0,42219,73.3
2024-11-25,Vendor_J,1,39.98,10,0,66.0,30812,66.6
2024-11-25,Vendor_K,0,27.58,10,0,72.0,48364,67.0
2024-11-25,Vendor_L,0,17.6,10,0,82.0,6896,76.7
2024-11-25,Vendor_M,0,32.74,13,9,61.0,5155,65.5
2024-11-25,Vendor_N,0,32.38,13,0,72.0,30361,70.4
2024-11-25,Vendor_O,1,9.81,8,1,87.0,18420,85.6
2024-12-02,Vendor_A,1,6.44,7,0,87.0,29841,79.1
2024-12-02,Vendor_B,1,30.61,9,2,66.0,35591,57.1
2024-12-02,Vendor_C,1,64.16,19,2,38.2,45938,39.5
2024-12-02,Vendor_D,1,22.63,10,0,73.0,8875,70.7
2024-12-02,Vendor_E,1,8.44,5,0,90.0,25871,94.0
2024-12-02,Vendor_F,1,12.45,7,0,88.0,46873,78.5
2024-12-02,Vendor_G,1,10.69,7,0,95.0,37503,98.5
2024-12-02,Vendor_H,0,59.59,16,0,35.0,37837,31.6
2024-12-02,Vendor_I,1,14.11,10,0,79.0,29462,76.7
2024-12-02,Vendor_J,1,41.79,11,0,66.0,15542,65.4
2024-12-02,Vendor_K,1,18.6,11,0,72.0,32986,62.3
2024-12-02,Vendor_L,1,15.96,11,1,82.0,40239,86.5
2024-12-02,Vendor_M,1,40.95,13,3,61.0,40586,53.9
2024-12-02,Vendor_N,1,35.9,8,0,72.0,28356,68.8
2024-12-02,Vendor_O,1,8.39,7,0,87.0,36405,89.8
2024-12-09,Vendor_A,1,4.23,6,1,87.0,37007,88.3
2024-12-09,Vendor_B,1,35.22,12,0,66.0,21053,56.4
2024-12-09,Vendor_C,1,52.66,18,6,37.9,45818,38.5
2024-12-09,Vendor_D,0,21.07,11,0,73.0,43745,77.9
2024-12-09,Vendor_E,1,10.1,8,0,90.0,42938,83.3
2024-12-09,Vendor_F,1,24.36,6,0,88.0,41565,79.5
2024-12-09,Vendor_G,1,6.02,5,0,95.0,15846,95.1
2024-12-09,Vendor_H,0,59.51,21,0,35.0,45778,26.3
2024-12-09,Vendor_I,1,29.51,7,1,79.0,2076,80.7
2024-12-09,Vendor_J,0,36.55,9,0,66.0,41642,62.1
2024-12-09,Vendor_K,0,19.34,10,3,72.0,5187,75.8
2024-12-09,Vendor_L,1,10.05,7,0,82.0,30079,86.9
2024-12-09,Vendor_M,1,41.76,10,5,61.0,28334,63.8
2024-12-09,Vendor_N,1,26.08,7,0,72.0,19131,63.2
2024-12-09,Vendor_O,1,11.21,9,0,87.0,17094,83.5
2024-12-16,Vendor_A,1,15.2,6,0,87.0,47057,80.2
2024-12-16,Vendor_B,1,30.07,8,4,66.0,10941,63.3
2024-12-16,Vendor_C,0,58.81,17,6,37.6,47204,33.9
2024-12-16,Vendor_D,0,30.75,12,1,73.0,45969,73.9
2024-12-16,Vendor_E,1,7.0,11,0,90.0,17107,86.0
2024-12-16,Vendor_F,0,11.23,8,0,88.0,16473,92.0
2024-12-16,Vendor_G,0,3.82,4,0,95.0,40265,85.2
2024-12-16,Vendor_H,0,64.89,20,13,35.0,11334,34.0
2024-12-16,Vendor_I,1,17.58,10,0,79.0,25066,79.1
2024-12-16,Vendor_J,1,35.61,11,2,66.0,13073,70.7
2024-12-16,Vendor_K,1,34.04,8,3,72.0,16040,67.8
2024-12-16,Vendor_L,1,25.44,8,0,82.0,28198,83.4
2024-12-16,Vendor_M,1,36.53,10,0,61.0,35303,56.5
2024-12-16,Vendor_N,1,31.89,5,0,72.0,15915,70.5
2024-12-16,Vendor_O,1,12.77,10,0,87.0,49415,80.3
2024-12-23,Vendor_A,1,15.14,7,1,87.0,19837,84.7
2024-12-23,Vendor_B,1,35.88,12,0,66.0,22861,68.0
2024-12-23,Vendor_C,0,57.6,19,0,37.3,18978,40.5
2024-12-23,Vendor_D,0,27.15,10,3,73.0,23232,77.9
2024-12-23,Vendor_E,1,13.93,6,0,90.0,46898,85.4
2024-12-23,Vendor_F,1,20.54,4,0,88.0,44271,85.2
2024-12-23,Vendor_G,1,8.23,10,0,95.0,31263,85.4
2024-12-23,Vendor_H,0,65.14,18,0,35.0,23078,26.0
2024-12-23,Vendor_I,1,15.25,7,1,79.0,46014,76.0
2024-12-23,Vendor_J,0,31.83,12,0,66.0,38590,63.6
2024-12-23,Vendor_K,1,21.16,12,0,72.0,16747,76.6
2024-12-23,Vendor_L,1,14.99,8,1,82.0,32686,74.9
2024-12-23,Vendor_M,1,36.37,9,0,61.0,48251,57.2
2024-12-23,Vendor_N,1,26.93,8,0,72.0,46384,75.2
2024-12-23,Vendor_O,1,6.98,4,2,87.0,27591,90.0
2024-12-30,Vendor_A,1,13.52,8,0,87.0,8351,84.8
2024-12-30,Vendor_B,0,38.49,9,0,66.0,44919,68.7
2024-12-30,Vendor_C,0,60.12,18,0,37.0,45446,36.5
2024-12-30,Vendor_D,1,26.0,8,0,73.0,5742,68.6
2024-12-30,Vendor_E,0,8.51,4,0,90.0,24349,93.9
2024-12-30,Vendor_F,1,12.49,8,1,88.0,17196,83.2
2024-12-30,Vendor_G,1,3.72,4,0,95.0,42564,98.7
2024-12-30,Vendor_H,0,60.55,20,9,35.0,7873,26.6
2024-12-30,Vendor_I,1,21.27,6,0,79.0,30316,82.4
2024-12-30,Vendor_J,1,29.76,9,3,66.0,42909,62.4
2024-12-30,Vendor_K,0,33.99,9,0,72.0,23427,74.5
2024-12-30,Vendor_L,1,14.01,5,3,82.0,42982,74.6
2024-12-30,Vendor_M,1,27.39,7,7,61.0,9840,61.6
2024-12-30,Vendor_N,1,28.08,7,1,72.0,18669,66.7
2024-12-30,Vendor_O,0,16.87,5,0,87.0,14385,85.1
